date,ingredient,used_g,current_stock_g,threshold_g,avg_daily_usage_g,days_until_runout,days_since_last_used,usage_last_7_days_g,stock_to_threshold_ratio,is_weekend
2026-03-01,idli_rice,400.0,9600,2500,114.29,84.0,99,0.0,3.84,1
2026-03-02,idli_rice,400.0,9600,2500,114.29,84.0,1,400.0,3.84,0
2026-03-03,idli_rice,0,9600,2500,114.29,84.0,1,800.0,3.84,0
2026-03-04,idli_rice,0,9600,2500,114.29,84.0,2,800.0,3.84,0
2026-03-05,idli_rice,0,9600,2500,114.29,84.0,3,800.0,3.84,0
2026-03-06,idli_rice,400.0,9600,2500,114.29,84.0,4,800.0,3.84,0
2026-03-07,idli_rice,400.0,9600,2500,114.29,84.0,1,1200.0,3.84,1
2026-03-08,idli_rice,0,9600,2500,114.29,84.0,1,1600.0,3.84,1
2026-03-09,idli_rice,0,9600,2500,114.29,84.0,2,1200.0,3.84,0
2026-03-10,idli_rice,0,9600,2500,114.29,84.0,3,800.0,3.84,0
2026-03-11,idli_rice,0,9600,2500,114.29,84.0,4,800.0,3.84,0
2026-03-12,idli_rice,0,9600,2500,114.29,84.0,5,800.0,3.84,0
2026-03-13,idli_rice,0,9600,2500,114.29,84.0,6,800.0,3.84,0
2026-03-14,idli_rice,0,9600,2500,114.29,84.0,7,400.0,3.84,1
2026-03-15,idli_rice,0,9600,2500,114.29,84.0,8,0.0,3.84,1
2026-03-16,idli_rice,0,9600,2500,114.29,84.0,9,0.0,3.84,0
2026-03-17,idli_rice,0,9600,2500,114.29,84.0,10,0.0,3.84,0
2026-03-18,idli_rice,400.0,9600,2500,114.29,84.0,11,0.0,3.84,0
2026-03-19,idli_rice,400.0,9600,2500,114.29,84.0,1,400.0,3.84,0
2026-03-20,idli_rice,0,9600,2500,114.29,84.0,1,800.0,3.84,0
2026-03-21,idli_rice,0,9600,2500,114.29,84.0,2,800.0,3.84,1
2026-03-22,idli_rice,0,9600,2500,114.29,84.0,3,800.0,3.84,1
2026-03-23,idli_rice,0,9600,2500,114.29,84.0,4,800.0,3.84,0
2026-03-24,idli_rice,0,9600,2500,114.29,84.0,5,800.0,3.84,0
2026-03-25,idli_rice,0,9600,2500,114.29,84.0,6,800.0,3.84,0
2026-03-26,idli_rice,0,9600,2500,114.29,84.0,7,400.0,3.84,0
2026-03-27,idli_rice,0,9600,2500,114.29,84.0,8,0.0,3.84,0
2026-03-28,idli_rice,0,9600,2500,114.29,84.0,9,0.0,3.84,1
2026-03-29,idli_rice,0,9600,2500,114.29,84.0,10,0.0,3.84,1
2026-03-30,idli_rice,0,9600,2500,114.29,84.0,11,0.0,3.84,0
2026-03-31,idli_rice,0,9600,2500,114.29,84.0,12,0.0,3.84,0
2026-04-01,idli_rice,400.0,9600,2500,114.29,84.0,13,0.0,3.84,0
2026-04-02,idli_rice,800.0,9600,2500,114.29,84.0,1,400.0,3.84,0
2026-04-03,idli_rice,0,9600,2500,114.29,84.0,1,1200.0,3.84,0
2026-04-04,idli_rice,0,9600,2500,114.29,84.0,2,1200.0,3.84,1
2026-04-05,idli_rice,0,9600,2500,114.29,84.0,3,1200.0,3.84,1
2026-04-06,idli_rice,0,9600,2500,114.29,84.0,4,1200.0,3.84,0
2026-04-07,idli_rice,0,9600,2500,114.29,84.0,5,1200.0,3.84,0
2026-04-08,idli_rice,400.0,9600,2500,114.29,84.0,6,1200.0,3.84,0
2026-04-09,idli_rice,400.0,9600,2500,114.29,84.0,1,1200.0,3.84,0
2026-04-10,idli_rice,400.0,9600,2500,114.29,84.0,1,800.0,3.84,0
2026-04-11,idli_rice,0,9600,2500,114.29,84.0,1,1200.0,3.84,1
2026-03-01,urad_dal,200.0,4800,1200,52.38,90,99,0.0,4.0,1
2026-03-02,urad_dal,200.0,4800,1200,52.38,90,1,200.0,4.0,0
2026-03-03,urad_dal,0,4800,1200,52.38,90,1,400.0,4.0,0
2026-03-04,urad_dal,0,4800,1200,52.38,90,2,400.0,4.0,0
2026-03-05,urad_dal,0,4800,1200,52.38,90,3,400.0,4.0,0
2026-03-06,urad_dal,200.0,4800,1200,52.38,90,4,400.0,4.0,0
2026-03-07,urad_dal,0,4800,1200,52.38,90,1,600.0,4.0,1
2026-03-08,urad_dal,0,4800,1200,52.38,90,2,600.0,4.0,1
2026-03-09,urad_dal,0,4800,1200,52.38,90,3,400.0,4.0,0
2026-03-10,urad_dal,0,4800,1200,52.38,90,4,200.0,4.0,0
2026-03-11,urad_dal,0,4800,1200,52.38,90,5,200.0,4.0,0
2026-03-12,urad_dal,0,4800,1200,52.38,90,6,200.0,4.0,0
2026-03-13,urad_dal,0,4800,1200,52.38,90,7,200.0,4.0,0
2026-03-14,urad_dal,0,4800,1200,52.38,90,8,0.0,4.0,1
2026-03-15,urad_dal,0,4800,1200,52.38,90,9,0.0,4.0,1
2026-03-16,urad_dal,0,4800,1200,52.38,90,10,0.0,4.0,0
2026-03-17,urad_dal,0,4800,1200,52.38,90,11,0.0,4.0,0
2026-03-18,urad_dal,200.0,4800,1200,52.38,90,12,0.0,4.0,0
2026-03-19,urad_dal,200.0,4800,1200,52.38,90,1,200.0,4.0,0
2026-03-20,urad_dal,0,4800,1200,52.38,90,1,400.0,4.0,0
2026-03-21,urad_dal,0,4800,1200,52.38,90,2,400.0,4.0,1
2026-03-22,urad_dal,0,4800,1200,52.38,90,3,400.0,4.0,1
2026-03-23,urad_dal,0,4800,1200,52.38,90,4,400.0,4.0,0
2026-03-24,urad_dal,0,4800,1200,52.38,90,5,400.0,4.0,0
2026-03-25,urad_dal,0,4800,1200,52.38,90,6,400.0,4.0,0
2026-03-26,urad_dal,0,4800,1200,52.38,90,7,200.0,4.0,0
2026-03-27,urad_dal,0,4800,1200,52.38,90,8,0.0,4.0,0
2026-03-28,urad_dal,0,4800,1200,52.38,90,9,0.0,4.0,1
2026-03-29,urad_dal,0,4800,1200,52.38,90,10,0.0,4.0,1
2026-03-30,urad_dal,0,4800,1200,52.38,90,11,0.0,4.0,0
2026-03-31,urad_dal,0,4800,1200,52.38,90,12,0.0,4.0,0
2026-04-01,urad_dal,200.0,4800,1200,52.38,90,13,0.0,4.0,0
2026-04-02,urad_dal,400.0,4800,1200,52.38,90,1,200.0,4.0,0
2026-04-03,urad_dal,0,4800,1200,52.38,90,1,600.0,4.0,0
2026-04-04,urad_dal,0,4800,1200,52.38,90,2,600.0,4.0,1
2026-04-05,urad_dal,0,4800,1200,52.38,90,3,600.0,4.0,1
2026-04-06,urad_dal,0,4800,1200,52.38,90,4,600.0,4.0,0
2026-04-07,urad_dal,0,4800,1200,52.38,90,5,600.0,4.0,0
2026-04-08,urad_dal,200.0,4800,1200,52.38,90,6,600.0,4.0,0
2026-04-09,urad_dal,200.0,4800,1200,52.38,90,1,600.0,4.0,0
2026-04-10,urad_dal,200.0,4800,1200,52.38,90,1,400.0,4.0,0
2026-04-11,urad_dal,0,4800,1200,52.38,90,1,600.0,4.0,1
2026-03-01,toor_dal,300.0,10000,2500,57.14,90,99,0.0,4.0,1
2026-03-02,toor_dal,0,10000,2500,57.14,90,1,300.0,4.0,0
2026-03-03,toor_dal,300.0,10000,2500,57.14,90,2,300.0,4.0,0
2026-03-04,toor_dal,0,10000,2500,57.14,90,1,600.0,4.0,0
2026-03-05,toor_dal,0,10000,2500,57.14,90,2,600.0,4.0,0
2026-03-06,toor_dal,0,10000,2500,57.14,90,3,600.0,4.0,0
2026-03-07,toor_dal,0,10000,2500,57.14,90,4,600.0,4.0,1
2026-03-08,toor_dal,0,10000,2500,57.14,90,5,600.0,4.0,1
2026-03-09,toor_dal,0,10000,2500,57.14,90,6,300.0,4.0,0
2026-03-10,toor_dal,0,10000,2500,57.14,90,7,300.0,4.0,0
2026-03-11,toor_dal,0,10000,2500,57.14,90,8,0.0,4.0,0
2026-03-12,toor_dal,0,10000,2500,57.14,90,9,0.0,4.0,0
2026-03-13,toor_dal,0,10000,2500,57.14,90,10,0.0,4.0,0
2026-03-14,toor_dal,0,10000,2500,57.14,90,11,0.0,4.0,1
2026-03-15,toor_dal,300.0,10000,2500,57.14,90,12,0.0,4.0,1
2026-03-16,toor_dal,0,10000,2500,57.14,90,1,300.0,4.0,0
2026-03-17,toor_dal,0,10000,2500,57.14,90,2,300.0,4.0,0
2026-03-18,toor_dal,300.0,10000,2500,57.14,90,3,300.0,4.0,0
2026-03-19,toor_dal,0,10000,2500,57.14,90,1,600.0,4.0,0
2026-03-20,toor_dal,0,10000,2500,57.14,90,2,600.0,4.0,0
2026-03-21,toor_dal,0,10000,2500,57.14,90,3,600.0,4.0,1
2026-03-22,toor_dal,0,10000,2500,57.14,90,4,600.0,4.0,1
2026-03-23,toor_dal,0,10000,2500,57.14,90,5,300.0,4.0,0
2026-03-24,toor_dal,0,10000,2500,57.14,90,6,300.0,4.0,0
2026-03-25,toor_dal,0,10000,2500,57.14,90,7,300.0,4.0,0
2026-03-26,toor_dal,0,10000,2500,57.14,90,8,0.0,4.0,0
2026-03-27,toor_dal,0,10000,2500,57.14,90,9,0.0,4.0,0
2026-03-28,toor_dal,0,10000,2500,57.14,90,10,0.0,4.0,1
2026-03-29,toor_dal,0,10000,2500,57.14,90,11,0.0,4.0,1
2026-03-30,toor_dal,0,10000,2500,57.14,90,12,0.0,4.0,0
2026-03-31,toor_dal,0,10000,2500,57.14,90,13,0.0,4.0,0
2026-04-01,toor_dal,300.0,10000,2500,57.14,90,14,0.0,4.0,0
2026-04-02,toor_dal,0,10000,2500,57.14,90,1,300.0,4.0,0
2026-04-03,toor_dal,0,10000,2500,57.14,90,2,300.0,4.0,0
2026-04-04,toor_dal,300.0,10000,2500,57.14,90,3,300.0,4.0,1
2026-04-05,toor_dal,0,10000,2500,57.14,90,1,600.0,4.0,1
2026-04-06,toor_dal,0,10000,2500,57.14,90,2,600.0,4.0,0
2026-04-07,toor_dal,0,10000,2500,57.14,90,3,600.0,4.0,0
2026-04-08,toor_dal,0,10000,2500,57.14,90,4,600.0,4.0,0
2026-04-09,toor_dal,300.0,10000,2500,57.14,90,5,300.0,4.0,0
2026-04-10,toor_dal,300.0,10000,2500,57.14,90,1,600.0,4.0,0
2026-04-11,toor_dal,0,10000,2500,57.14,90,1,900.0,4.0,1
2026-03-01,onion,200.0,7000,1500,83.33,84.0,99,0.0,4.667,1
2026-03-02,onion,0,7000,1500,83.33,84.0,1,200.0,4.667,0
2026-03-03,onion,200.0,7000,1500,83.33,84.0,2,200.0,4.667,0
2026-03-04,onion,0,7000,1500,83.33,84.0,1,400.0,4.667,0
2026-03-05,onion,0,7000,1500,83.33,84.0,2,400.0,4.667,0
2026-03-06,onion,100.0,7000,1500,83.33,84.0,3,400.0,4.667,0
2026-03-07,onion,0,7000,1500,83.33,84.0,1,500.0,4.667,1
2026-03-08,onion,300.0,7000,1500,83.33,84.0,2,500.0,4.667,1
2026-03-09,onion,0,7000,1500,83.33,84.0,1,600.0,4.667,0
2026-03-10,onion,0,7000,1500,83.33,84.0,2,600.0,4.667,0
2026-03-11,onion,0,7000,1500,83.33,84.0,3,400.0,4.667,0
2026-03-12,onion,0,7000,1500,83.33,84.0,4,400.0,4.667,0
2026-03-13,onion,0,7000,1500,83.33,84.0,5,400.0,4.667,0
2026-03-14,onion,0,7000,1500,83.33,84.0,6,300.0,4.667,1
2026-03-15,onion,200.0,7000,1500,83.33,84.0,7,300.0,4.667,1
2026-03-16,onion,0,7000,1500,83.33,84.0,1,200.0,4.667,0
2026-03-17,onion,0,7000,1500,83.33,84.0,2,200.0,4.667,0
2026-03-18,onion,200.0,7000,1500,83.33,84.0,3,200.0,4.667,0
2026-03-19,onion,0,7000,1500,83.33,84.0,1,400.0,4.667,0
2026-03-20,onion,0,7000,1500,83.33,84.0,2,400.0,4.667,0
2026-03-21,onion,200.0,7000,1500,83.33,84.0,3,400.0,4.667,1
2026-03-22,onion,200.0,7000,1500,83.33,84.0,1,600.0,4.667,1
2026-03-23,onion,200.0,7000,1500,83.33,84.0,1,600.0,4.667,0
2026-03-24,onion,0,7000,1500,83.33,84.0,1,800.0,4.667,0
2026-03-25,onion,0,7000,1500,83.33,84.0,2,800.0,4.667,0
2026-03-26,onion,0,7000,1500,83.33,84.0,3,600.0,4.667,0
2026-03-27,onion,0,7000,1500,83.33,84.0,4,600.0,4.667,0
2026-03-28,onion,0,7000,1500,83.33,84.0,5,600.0,4.667,1
2026-03-29,onion,0,7000,1500,83.33,84.0,6,400.0,4.667,1
2026-03-30,onion,0,7000,1500,83.33,84.0,7,200.0,4.667,0
2026-03-31,onion,0,7000,1500,83.33,84.0,8,0.0,4.667,0
2026-04-01,onion,200.0,7000,1500,83.33,84.0,9,0.0,4.667,0
2026-04-02,onion,0,7000,1500,83.33,84.0,1,200.0,4.667,0
2026-04-03,onion,0,7000,1500,83.33,84.0,2,200.0,4.667,0
2026-04-04,onion,200.0,7000,1500,83.33,84.0,3,200.0,4.667,1
2026-04-05,onion,200.0,7000,1500,83.33,84.0,1,400.0,4.667,1
2026-04-06,onion,400.0,7000,1500,83.33,84.0,1,600.0,4.667,0
2026-04-07,onion,0,7000,1500,83.33,84.0,1,1000.0,4.667,0
2026-04-08,onion,0,7000,1500,83.33,84.0,2,1000.0,4.667,0
2026-04-09,onion,300.0,7000,1500,83.33,84.0,3,800.0,4.667,0
2026-04-10,onion,200.0,7000,1500,83.33,84.0,1,1100.0,4.667,0
2026-04-11,onion,200.0,7000,1500,83.33,84.0,1,1300.0,4.667,1
2026-03-01,tomato,200.0,6000,1200,64.29,90,99,0.0,5.0,1
2026-03-02,tomato,0,6000,1200,64.29,90,1,200.0,5.0,0
2026-03-03,tomato,200.0,6000,1200,64.29,90,2,200.0,5.0,0
2026-03-04,tomato,0,6000,1200,64.29,90,1,400.0,5.0,0
2026-03-05,tomato,200.0,6000,1200,64.29,90,2,400.0,5.0,0
2026-03-06,tomato,0,6000,1200,64.29,90,1,600.0,5.0,0
2026-03-07,tomato,0,6000,1200,64.29,90,2,600.0,5.0,1
2026-03-08,tomato,200.0,6000,1200,64.29,90,3,600.0,5.0,1
2026-03-09,tomato,200.0,6000,1200,64.29,90,1,600.0,5.0,0
2026-03-10,tomato,0,6000,1200,64.29,90,1,800.0,5.0,0
2026-03-11,tomato,0,6000,1200,64.29,90,2,600.0,5.0,0
2026-03-12,tomato,0,6000,1200,64.29,90,3,600.0,5.0,0
2026-03-13,tomato,0,6000,1200,64.29,90,4,400.0,5.0,0
2026-03-14,tomato,0,6000,1200,64.29,90,5,400.0,5.0,1
2026-03-15,tomato,0,6000,1200,64.29,90,6,400.0,5.0,1
2026-03-16,tomato,0,6000,1200,64.29,90,7,200.0,5.0,0
2026-03-17,tomato,0,6000,1200,64.29,90,8,0.0,5.0,0
2026-03-18,tomato,200.0,6000,1200,64.29,90,9,0.0,5.0,0
2026-03-19,tomato,0,6000,1200,64.29,90,1,200.0,5.0,0
2026-03-20,tomato,0,6000,1200,64.29,90,2,200.0,5.0,0
2026-03-21,tomato,0,6000,1200,64.29,90,3,200.0,5.0,1
2026-03-22,tomato,200.0,6000,1200,64.29,90,4,200.0,5.0,1
2026-03-23,tomato,200.0,6000,1200,64.29,90,1,400.0,5.0,0
2026-03-24,tomato,0,6000,1200,64.29,90,1,600.0,5.0,0
2026-03-25,tomato,100.0,6000,1200,64.29,90,2,600.0,5.0,0
2026-03-26,tomato,0,6000,1200,64.29,90,1,500.0,5.0,0
2026-03-27,tomato,0,6000,1200,64.29,90,2,500.0,5.0,0
2026-03-28,tomato,0,6000,1200,64.29,90,3,500.0,5.0,1
2026-03-29,tomato,0,6000,1200,64.29,90,4,500.0,5.0,1
2026-03-30,tomato,0,6000,1200,64.29,90,5,300.0,5.0,0
2026-03-31,tomato,0,6000,1200,64.29,90,6,100.0,5.0,0
2026-04-01,tomato,200.0,6000,1200,64.29,90,7,100.0,5.0,0
2026-04-02,tomato,0,6000,1200,64.29,90,1,200.0,5.0,0
2026-04-03,tomato,200.0,6000,1200,64.29,90,2,200.0,5.0,0
2026-04-04,tomato,0,6000,1200,64.29,90,1,400.0,5.0,1
2026-04-05,tomato,200.0,6000,1200,64.29,90,2,400.0,5.0,1
2026-04-06,tomato,0,6000,1200,64.29,90,1,600.0,5.0,0
2026-04-07,tomato,0,6000,1200,64.29,90,2,600.0,5.0,0
2026-04-08,tomato,0,6000,1200,64.29,90,3,600.0,5.0,0
2026-04-09,tomato,200.0,6000,1200,64.29,90,4,400.0,5.0,0
2026-04-10,tomato,200.0,6000,1200,64.29,90,1,600.0,5.0,0
2026-04-11,tomato,0,6000,1200,64.29,90,1,600.0,5.0,1
2026-03-01,carrot,100.0,3000,800,38.1,78.7,99,0.0,3.75,1
2026-03-02,carrot,0,3000,800,38.1,78.7,1,100.0,3.75,0
2026-03-03,carrot,100.0,3000,800,38.1,78.7,2,100.0,3.75,0
2026-03-04,carrot,0,3000,800,38.1,78.7,1,200.0,3.75,0
2026-03-05,carrot,0,3000,800,38.1,78.7,2,200.0,3.75,0
2026-03-06,carrot,0,3000,800,38.1,78.7,3,200.0,3.75,0
2026-03-07,carrot,0,3000,800,38.1,78.7,4,200.0,3.75,1
2026-03-08,carrot,0,3000,800,38.1,78.7,5,200.0,3.75,1
2026-03-09,carrot,0,3000,800,38.1,78.7,6,100.0,3.75,0
2026-03-10,carrot,200.0,3000,800,38.1,78.7,7,100.0,3.75,0
2026-03-11,carrot,100.0,3000,800,38.1,78.7,1,200.0,3.75,0
2026-03-12,carrot,0,3000,800,38.1,78.7,1,300.0,3.75,0
2026-03-13,carrot,100.0,3000,800,38.1,78.7,2,300.0,3.75,0
2026-03-14,carrot,100.0,3000,800,38.1,78.7,1,400.0,3.75,1
2026-03-15,carrot,0,3000,800,38.1,78.7,1,500.0,3.75,1
2026-03-16,carrot,0,3000,800,38.1,78.7,2,500.0,3.75,0
2026-03-17,carrot,0,3000,800,38.1,78.7,3,500.0,3.75,0
2026-03-18,carrot,100.0,3000,800,38.1,78.7,4,300.0,3.75,0
2026-03-19,carrot,0,3000,800,38.1,78.7,1,300.0,3.75,0
2026-03-20,carrot,0,3000,800,38.1,78.7,2,300.0,3.75,0
2026-03-21,carrot,0,3000,800,38.1,78.7,3,200.0,3.75,1
2026-03-22,carrot,0,3000,800,38.1,78.7,4,100.0,3.75,1
2026-03-23,carrot,100.0,3000,800,38.1,78.7,5,100.0,3.75,0
2026-03-24,carrot,0,3000,800,38.1,78.7,1,200.0,3.75,0
2026-03-25,carrot,0,3000,800,38.1,78.7,2,200.0,3.75,0
2026-03-26,carrot,200.0,3000,800,38.1,78.7,3,100.0,3.75,0
2026-03-27,carrot,0,3000,800,38.1,78.7,1,300.0,3.75,0
2026-03-28,carrot,0,3000,800,38.1,78.7,2,300.0,3.75,1
2026-03-29,carrot,0,3000,800,38.1,78.7,3,300.0,3.75,1
2026-03-30,carrot,0,3000,800,38.1,78.7,4,300.0,3.75,0
2026-03-31,carrot,200.0,3000,800,38.1,78.7,5,200.0,3.75,0
2026-04-01,carrot,100.0,3000,800,38.1,78.7,1,400.0,3.75,0
2026-04-02,carrot,0,3000,800,38.1,78.7,1,500.0,3.75,0
2026-04-03,carrot,0,3000,800,38.1,78.7,2,300.0,3.75,0
2026-04-04,carrot,0,3000,800,38.1,78.7,3,300.0,3.75,1
2026-04-05,carrot,0,3000,800,38.1,78.7,4,300.0,3.75,1
2026-04-06,carrot,0,3000,800,38.1,78.7,5,300.0,3.75,0
2026-04-07,carrot,0,3000,800,38.1,78.7,6,300.0,3.75,0
2026-04-08,carrot,0,3000,800,38.1,78.7,7,100.0,3.75,0
2026-04-09,carrot,100.0,3000,800,38.1,78.7,8,0.0,3.75,0
2026-04-10,carrot,100.0,3000,800,38.1,78.7,1,100.0,3.75,0
2026-04-11,carrot,0,3000,800,38.1,78.7,1,200.0,3.75,1
2026-03-01,beans,100.0,2500,700,35.71,70.0,99,0.0,3.571,1
2026-03-02,beans,0,2500,700,35.71,70.0,1,100.0,3.571,0
2026-03-03,beans,100.0,2500,700,35.71,70.0,2,100.0,3.571,0
2026-03-04,beans,0,2500,700,35.71,70.0,1,200.0,3.571,0
2026-03-05,beans,300.0,2500,700,35.71,70.0,2,200.0,3.571,0
2026-03-06,beans,0,2500,700,35.71,70.0,1,500.0,3.571,0
2026-03-07,beans,0,2500,700,35.71,70.0,2,500.0,3.571,1
2026-03-08,beans,0,2500,700,35.71,70.0,3,500.0,3.571,1
2026-03-09,beans,0,2500,700,35.71,70.0,4,400.0,3.571,0
2026-03-10,beans,200.0,2500,700,35.71,70.0,5,400.0,3.571,0
2026-03-11,beans,100.0,2500,700,35.71,70.0,1,500.0,3.571,0
2026-03-12,beans,0,2500,700,35.71,70.0,1,600.0,3.571,0
2026-03-13,beans,0,2500,700,35.71,70.0,2,300.0,3.571,0
2026-03-14,beans,0,2500,700,35.71,70.0,3,300.0,3.571,1
2026-03-15,beans,0,2500,700,35.71,70.0,4,300.0,3.571,1
2026-03-16,beans,0,2500,700,35.71,70.0,5,300.0,3.571,0
2026-03-17,beans,0,2500,700,35.71,70.0,6,300.0,3.571,0
2026-03-18,beans,100.0,2500,700,35.71,70.0,7,100.0,3.571,0
2026-03-19,beans,0,2500,700,35.71,70.0,1,100.0,3.571,0
2026-03-20,beans,0,2500,700,35.71,70.0,2,100.0,3.571,0
2026-03-21,beans,0,2500,700,35.71,70.0,3,100.0,3.571,1
2026-03-22,beans,0,2500,700,35.71,70.0,4,100.0,3.571,1
2026-03-23,beans,100.0,2500,700,35.71,70.0,5,100.0,3.571,0
2026-03-24,beans,0,2500,700,35.71,70.0,1,200.0,3.571,0
2026-03-25,beans,0,2500,700,35.71,70.0,2,200.0,3.571,0
2026-03-26,beans,0,2500,700,35.71,70.0,3,100.0,3.571,0
2026-03-27,beans,0,2500,700,35.71,70.0,4,100.0,3.571,0
2026-03-28,beans,0,2500,700,35.71,70.0,5,100.0,3.571,1
2026-03-29,beans,0,2500,700,35.71,70.0,6,100.0,3.571,1
2026-03-30,beans,0,2500,700,35.71,70.0,7,100.0,3.571,0
2026-03-31,beans,200.0,2500,700,35.71,70.0,8,0.0,3.571,0
2026-04-01,beans,100.0,2500,700,35.71,70.0,1,200.0,3.571,0
2026-04-02,beans,0,2500,700,35.71,70.0,1,300.0,3.571,0
2026-04-03,beans,0,2500,700,35.71,70.0,2,300.0,3.571,0
2026-04-04,beans,0,2500,700,35.71,70.0,3,300.0,3.571,1
2026-04-05,beans,0,2500,700,35.71,70.0,4,300.0,3.571,1
2026-04-06,beans,0,2500,700,35.71,70.0,5,300.0,3.571,0
2026-04-07,beans,0,2500,700,35.71,70.0,6,300.0,3.571,0
2026-04-08,beans,0,2500,700,35.71,70.0,7,100.0,3.571,0
2026-04-09,beans,100.0,2500,700,35.71,70.0,8,0.0,3.571,0
2026-04-10,beans,100.0,2500,700,35.71,70.0,1,100.0,3.571,0
2026-04-11,beans,0,2500,700,35.71,70.0,1,200.0,3.571,1
2026-03-01,tamarind,40.0,500,100,8.57,58.3,99,0.0,5.0,1
2026-03-02,tamarind,0,500,100,8.57,58.3,1,40.0,5.0,0
2026-03-03,tamarind,40.0,500,100,8.57,58.3,2,40.0,5.0,0
2026-03-04,tamarind,0,500,100,8.57,58.3,1,80.0,5.0,0
2026-03-05,tamarind,40.0,500,100,8.57,58.3,2,80.0,5.0,0
2026-03-06,tamarind,0,500,100,8.57,58.3,1,120.0,5.0,0
2026-03-07,tamarind,0,500,100,8.57,58.3,2,120.0,5.0,1
2026-03-08,tamarind,0,500,100,8.57,58.3,3,120.0,5.0,1
2026-03-09,tamarind,0,500,100,8.57,58.3,4,80.0,5.0,0
2026-03-10,tamarind,0,500,100,8.57,58.3,5,80.0,5.0,0
2026-03-11,tamarind,0,500,100,8.57,58.3,6,40.0,5.0,0
2026-03-12,tamarind,0,500,100,8.57,58.3,7,40.0,5.0,0
2026-03-13,tamarind,0,500,100,8.57,58.3,8,0.0,5.0,0
2026-03-14,tamarind,0,500,100,8.57,58.3,9,0.0,5.0,1
2026-03-15,tamarind,0,500,100,8.57,58.3,10,0.0,5.0,1
2026-03-16,tamarind,0,500,100,8.57,58.3,11,0.0,5.0,0
2026-03-17,tamarind,0,500,100,8.57,58.3,12,0.0,5.0,0
2026-03-18,tamarind,40.0,500,100,8.57,58.3,13,0.0,5.0,0
2026-03-19,tamarind,0,500,100,8.57,58.3,1,40.0,5.0,0
2026-03-20,tamarind,0,500,100,8.57,58.3,2,40.0,5.0,0
2026-03-21,tamarind,40.0,500,100,8.57,58.3,3,40.0,5.0,1
2026-03-22,tamarind,0,500,100,8.57,58.3,1,80.0,5.0,1
2026-03-23,tamarind,0,500,100,8.57,58.3,2,80.0,5.0,0
2026-03-24,tamarind,0,500,100,8.57,58.3,3,80.0,5.0,0
2026-03-25,tamarind,0,500,100,8.57,58.3,4,80.0,5.0,0
2026-03-26,tamarind,0,500,100,8.57,58.3,5,40.0,5.0,0
2026-03-27,tamarind,0,500,100,8.57,58.3,6,40.0,5.0,0
2026-03-28,tamarind,0,500,100,8.57,58.3,7,40.0,5.0,1
2026-03-29,tamarind,0,500,100,8.57,58.3,8,0.0,5.0,1
2026-03-30,tamarind,0,500,100,8.57,58.3,9,0.0,5.0,0
2026-03-31,tamarind,0,500,100,8.57,58.3,10,0.0,5.0,0
2026-04-01,tamarind,40.0,500,100,8.57,58.3,11,0.0,5.0,0
2026-04-02,tamarind,0,500,100,8.57,58.3,1,40.0,5.0,0
2026-04-03,tamarind,40.0,500,100,8.57,58.3,2,40.0,5.0,0
2026-04-04,tamarind,0,500,100,8.57,58.3,1,80.0,5.0,1
2026-04-05,tamarind,0,500,100,8.57,58.3,2,80.0,5.0,1
2026-04-06,tamarind,0,500,100,8.57,58.3,3,80.0,5.0,0
2026-04-07,tamarind,0,500,100,8.57,58.3,4,80.0,5.0,0
2026-04-08,tamarind,0,500,100,8.57,58.3,5,80.0,5.0,0
2026-04-09,tamarind,40.0,500,100,8.57,58.3,6,40.0,5.0,0
2026-04-10,tamarind,40.0,500,100,8.57,58.3,1,80.0,5.0,0
2026-04-11,tamarind,0,500,100,8.57,58.3,1,80.0,5.0,1
2026-03-01,oil,0,4000,800,36.67,90,99,0.0,5.0,1
2026-03-02,oil,40.0,4000,800,36.67,90,99,0.0,5.0,0
2026-03-03,oil,0,4000,800,36.67,90,1,40.0,5.0,0
2026-03-04,oil,0,4000,800,36.67,90,2,40.0,5.0,0
2026-03-05,oil,80.0,4000,800,36.67,90,3,40.0,5.0,0
2026-03-06,oil,60.0,4000,800,36.67,90,1,120.0,5.0,0
2026-03-07,oil,40.0,4000,800,36.67,90,1,180.0,5.0,1
2026-03-08,oil,0,4000,800,36.67,90,1,220.0,5.0,1
2026-03-09,oil,20.0,4000,800,36.67,90,2,220.0,5.0,0
2026-03-10,oil,0,4000,800,36.67,90,1,200.0,5.0,0
2026-03-11,oil,0,4000,800,36.67,90,2,200.0,5.0,0
2026-03-12,oil,40.0,4000,800,36.67,90,3,200.0,5.0,0
2026-03-13,oil,40.0,4000,800,36.67,90,1,160.0,5.0,0
2026-03-14,oil,0,4000,800,36.67,90,1,140.0,5.0,1
2026-03-15,oil,60.0,4000,800,36.67,90,2,100.0,5.0,1
2026-03-16,oil,40.0,4000,800,36.67,90,1,160.0,5.0,0
2026-03-17,oil,160.0,4000,800,36.67,90,1,180.0,5.0,0
2026-03-18,oil,0,4000,800,36.67,90,1,340.0,5.0,0
2026-03-19,oil,40.0,4000,800,36.67,90,2,340.0,5.0,0
2026-03-20,oil,40.0,4000,800,36.67,90,1,340.0,5.0,0
2026-03-21,oil,100.0,4000,800,36.67,90,1,340.0,5.0,1
2026-03-22,oil,80.0,4000,800,36.67,90,1,440.0,5.0,1
2026-03-23,oil,60.0,4000,800,36.67,90,1,460.0,5.0,0
2026-03-24,oil,0,4000,800,36.67,90,1,480.0,5.0,0
2026-03-25,oil,0,4000,800,36.67,90,2,320.0,5.0,0
2026-03-26,oil,0,4000,800,36.67,90,3,320.0,5.0,0
2026-03-27,oil,0,4000,800,36.67,90,4,280.0,5.0,0
2026-03-28,oil,0,4000,800,36.67,90,5,240.0,5.0,1
2026-03-29,oil,0,4000,800,36.67,90,6,140.0,5.0,1
2026-03-30,oil,20.0,4000,800,36.67,90,7,60.0,5.0,0
2026-03-31,oil,60.0,4000,800,36.67,90,1,20.0,5.0,0
2026-04-01,oil,0,4000,800,36.67,90,1,80.0,5.0,0
2026-04-02,oil,40.0,4000,800,36.67,90,2,80.0,5.0,0
2026-04-03,oil,0,4000,800,36.67,90,1,120.0,5.0,0
2026-04-04,oil,80.0,4000,800,36.67,90,2,120.0,5.0,1
2026-04-05,oil,100.0,4000,800,36.67,90,1,200.0,5.0,1
2026-04-06,oil,160.0,4000,800,36.67,90,1,300.0,5.0,0
2026-04-07,oil,40.0,4000,800,36.67,90,1,440.0,5.0,0
2026-04-08,oil,40.0,4000,800,36.67,90,1,420.0,5.0,0
2026-04-09,oil,60.0,4000,800,36.67,90,1,460.0,5.0,0
2026-04-10,oil,0,4000,800,36.67,90,1,480.0,5.0,0
2026-04-11,oil,40.0,4000,800,36.67,90,2,480.0,5.0,1
2026-03-01,rice,0,80000,20000,145.24,90,99,0.0,4.0,1
2026-03-02,rice,0,80000,20000,145.24,90,99,0.0,4.0,0
2026-03-03,rice,700.0,80000,20000,145.24,90,99,0.0,4.0,0
2026-03-04,rice,300.0,80000,20000,145.24,90,1,700.0,4.0,0
2026-03-05,rice,400.0,80000,20000,145.24,90,1,1000.0,4.0,0
2026-03-06,rice,0,80000,20000,145.24,90,1,1400.0,4.0,0
2026-03-07,rice,0,80000,20000,145.24,90,2,1400.0,4.0,1
2026-03-08,rice,400.0,80000,20000,145.24,90,3,1400.0,4.0,1
2026-03-09,rice,0,80000,20000,145.24,90,1,1800.0,4.0,0
2026-03-10,rice,400.0,80000,20000,145.24,90,2,1800.0,4.0,0
2026-03-11,rice,400.0,80000,20000,145.24,90,1,1500.0,4.0,0
2026-03-12,rice,400.0,80000,20000,145.24,90,1,1600.0,4.0,0
2026-03-13,rice,0,80000,20000,145.24,90,1,1600.0,4.0,0
2026-03-14,rice,0,80000,20000,145.24,90,2,1600.0,4.0,1
2026-03-15,rice,0,80000,20000,145.24,90,3,1600.0,4.0,1
2026-03-16,rice,400.0,80000,20000,145.24,90,4,1200.0,4.0,0
2026-03-17,rice,0,80000,20000,145.24,90,1,1600.0,4.0,0
2026-03-18,rice,0,80000,20000,145.24,90,2,1200.0,4.0,0
2026-03-19,rice,0,80000,20000,145.24,90,3,800.0,4.0,0
2026-03-20,rice,400.0,80000,20000,145.24,90,4,400.0,4.0,0
2026-03-21,rice,400.0,80000,20000,145.24,90,1,800.0,4.0,1
2026-03-22,rice,0,80000,20000,145.24,90,1,1200.0,4.0,1
2026-03-23,rice,400.0,80000,20000,145.24,90,2,1200.0,4.0,0
2026-03-24,rice,0,80000,20000,145.24,90,1,1200.0,4.0,0
2026-03-25,rice,0,80000,20000,145.24,90,2,1200.0,4.0,0
2026-03-26,rice,0,80000,20000,145.24,90,3,1200.0,4.0,0
2026-03-27,rice,0,80000,20000,145.24,90,4,1200.0,4.0,0
2026-03-28,rice,0,80000,20000,145.24,90,5,800.0,4.0,1
2026-03-29,rice,0,80000,20000,145.24,90,6,400.0,4.0,1
2026-03-30,rice,0,80000,20000,145.24,90,7,400.0,4.0,0
2026-03-31,rice,0,80000,20000,145.24,90,8,0.0,4.0,0
2026-04-01,rice,0,80000,20000,145.24,90,9,0.0,4.0,0
2026-04-02,rice,0,80000,20000,145.24,90,10,0.0,4.0,0
2026-04-03,rice,300.0,80000,20000,145.24,90,11,0.0,4.0,0
2026-04-04,rice,0,80000,20000,145.24,90,1,300.0,4.0,1
2026-04-05,rice,400.0,80000,20000,145.24,90,2,300.0,4.0,1
2026-04-06,rice,400.0,80000,20000,145.24,90,1,700.0,4.0,0
2026-04-07,rice,0,80000,20000,145.24,90,1,1100.0,4.0,0
2026-04-08,rice,400.0,80000,20000,145.24,90,2,1100.0,4.0,0
2026-04-09,rice,0,80000,20000,145.24,90,1,1500.0,4.0,0
2026-04-10,rice,0,80000,20000,145.24,90,2,1500.0,4.0,0
2026-04-11,rice,0,80000,20000,145.24,90,3,1200.0,4.0,1
2026-03-01,moong_dal,0,8000,2000,21.43,90,99,0.0,4.0,1
2026-03-02,moong_dal,0,8000,2000,21.43,90,99,0.0,4.0,0
2026-03-03,moong_dal,200.0,8000,2000,21.43,90,99,0.0,4.0,0
2026-03-04,moong_dal,200.0,8000,2000,21.43,90,1,200.0,4.0,0
2026-03-05,moong_dal,0,8000,2000,21.43,90,1,400.0,4.0,0
2026-03-06,moong_dal,0,8000,2000,21.43,90,2,400.0,4.0,0
2026-03-07,moong_dal,0,8000,2000,21.43,90,3,400.0,4.0,1
2026-03-08,moong_dal,0,8000,2000,21.43,90,4,400.0,4.0,1
2026-03-09,moong_dal,0,8000,2000,21.43,90,5,400.0,4.0,0
2026-03-10,moong_dal,0,8000,2000,21.43,90,6,400.0,4.0,0
2026-03-11,moong_dal,0,8000,2000,21.43,90,7,200.0,4.0,0
2026-03-12,moong_dal,0,8000,2000,21.43,90,8,0.0,4.0,0
2026-03-13,moong_dal,0,8000,2000,21.43,90,9,0.0,4.0,0
2026-03-14,moong_dal,0,8000,2000,21.43,90,10,0.0,4.0,1
2026-03-15,moong_dal,0,8000,2000,21.43,90,11,0.0,4.0,1
2026-03-16,moong_dal,0,8000,2000,21.43,90,12,0.0,4.0,0
2026-03-17,moong_dal,0,8000,2000,21.43,90,13,0.0,4.0,0
2026-03-18,moong_dal,0,8000,2000,21.43,90,14,0.0,4.0,0
2026-03-19,moong_dal,0,8000,2000,21.43,90,15,0.0,4.0,0
2026-03-20,moong_dal,0,8000,2000,21.43,90,16,0.0,4.0,0
2026-03-21,moong_dal,300.0,8000,2000,21.43,90,17,0.0,4.0,1
2026-03-22,moong_dal,0,8000,2000,21.43,90,1,300.0,4.0,1
2026-03-23,moong_dal,0,8000,2000,21.43,90,2,300.0,4.0,0
2026-03-24,moong_dal,0,8000,2000,21.43,90,3,300.0,4.0,0
2026-03-25,moong_dal,0,8000,2000,21.43,90,4,300.0,4.0,0
2026-03-26,moong_dal,0,8000,2000,21.43,90,5,300.0,4.0,0
2026-03-27,moong_dal,0,8000,2000,21.43,90,6,300.0,4.0,0
2026-03-28,moong_dal,0,8000,2000,21.43,90,7,300.0,4.0,1
2026-03-29,moong_dal,0,8000,2000,21.43,90,8,0.0,4.0,1
2026-03-30,moong_dal,0,8000,2000,21.43,90,9,0.0,4.0,0
2026-03-31,moong_dal,0,8000,2000,21.43,90,10,0.0,4.0,0
2026-04-01,moong_dal,0,8000,2000,21.43,90,11,0.0,4.0,0
2026-04-02,moong_dal,0,8000,2000,21.43,90,12,0.0,4.0,0
2026-04-03,moong_dal,200.0,8000,2000,21.43,90,13,0.0,4.0,0
2026-04-04,moong_dal,0,8000,2000,21.43,90,1,200.0,4.0,1
2026-04-05,moong_dal,0,8000,2000,21.43,90,2,200.0,4.0,1
2026-04-06,moong_dal,0,8000,2000,21.43,90,3,200.0,4.0,0
2026-04-07,moong_dal,0,8000,2000,21.43,90,4,200.0,4.0,0
2026-04-08,moong_dal,0,8000,2000,21.43,90,5,200.0,4.0,0
2026-04-09,moong_dal,0,8000,2000,21.43,90,6,200.0,4.0,0
2026-04-10,moong_dal,0,8000,2000,21.43,90,7,200.0,4.0,0
2026-04-11,moong_dal,0,8000,2000,21.43,90,8,0.0,4.0,1
2026-03-01,ghee,0,1000,200,4.29,90,99,0.0,5.0,1
2026-03-02,ghee,0,1000,200,4.29,90,99,0.0,5.0,0
2026-03-03,ghee,40.0,1000,200,4.29,90,99,0.0,5.0,0
2026-03-04,ghee,40.0,1000,200,4.29,90,1,40.0,5.0,0
2026-03-05,ghee,0,1000,200,4.29,90,1,80.0,5.0,0
2026-03-06,ghee,0,1000,200,4.29,90,2,80.0,5.0,0
2026-03-07,ghee,0,1000,200,4.29,90,3,80.0,5.0,1
2026-03-08,ghee,0,1000,200,4.29,90,4,80.0,5.0,1
2026-03-09,ghee,0,1000,200,4.29,90,5,80.0,5.0,0
2026-03-10,ghee,0,1000,200,4.29,90,6,80.0,5.0,0
2026-03-11,ghee,0,1000,200,4.29,90,7,40.0,5.0,0
2026-03-12,ghee,0,1000,200,4.29,90,8,0.0,5.0,0
2026-03-13,ghee,0,1000,200,4.29,90,9,0.0,5.0,0
2026-03-14,ghee,0,1000,200,4.29,90,10,0.0,5.0,1
2026-03-15,ghee,0,1000,200,4.29,90,11,0.0,5.0,1
2026-03-16,ghee,0,1000,200,4.29,90,12,0.0,5.0,0
2026-03-17,ghee,0,1000,200,4.29,90,13,0.0,5.0,0
2026-03-18,ghee,0,1000,200,4.29,90,14,0.0,5.0,0
2026-03-19,ghee,0,1000,200,4.29,90,15,0.0,5.0,0
2026-03-20,ghee,0,1000,200,4.29,90,16,0.0,5.0,0
2026-03-21,ghee,0,1000,200,4.29,90,17,0.0,5.0,1
2026-03-22,ghee,0,1000,200,4.29,90,18,0.0,5.0,1
2026-03-23,ghee,0,1000,200,4.29,90,19,0.0,5.0,0
2026-03-24,ghee,0,1000,200,4.29,90,20,0.0,5.0,0
2026-03-25,ghee,0,1000,200,4.29,90,21,0.0,5.0,0
2026-03-26,ghee,0,1000,200,4.29,90,22,0.0,5.0,0
2026-03-27,ghee,0,1000,200,4.29,90,23,0.0,5.0,0
2026-03-28,ghee,0,1000,200,4.29,90,24,0.0,5.0,1
2026-03-29,ghee,0,1000,200,4.29,90,25,0.0,5.0,1
2026-03-30,ghee,0,1000,200,4.29,90,26,0.0,5.0,0
2026-03-31,ghee,0,1000,200,4.29,90,27,0.0,5.0,0
2026-04-01,ghee,0,1000,200,4.29,90,28,0.0,5.0,0
2026-04-02,ghee,60.0,1000,200,4.29,90,29,0.0,5.0,0
2026-04-03,ghee,40.0,1000,200,4.29,90,1,60.0,5.0,0
2026-04-04,ghee,0,1000,200,4.29,90,1,100.0,5.0,1
2026-04-05,ghee,0,1000,200,4.29,90,2,100.0,5.0,1
2026-04-06,ghee,0,1000,200,4.29,90,3,100.0,5.0,0
2026-04-07,ghee,0,1000,200,4.29,90,4,100.0,5.0,0
2026-04-08,ghee,0,1000,200,4.29,90,5,100.0,5.0,0
2026-04-09,ghee,0,1000,200,4.29,90,6,100.0,5.0,0
2026-04-10,ghee,0,1000,200,4.29,90,7,40.0,5.0,0
2026-04-11,ghee,0,1000,200,4.29,90,8,0.0,5.0,1
2026-03-01,cumin,0,300,60,1.43,90,99,0.0,5.0,1
2026-03-02,cumin,0,300,60,1.43,90,99,0.0,5.0,0
2026-03-03,cumin,10.0,300,60,1.43,90,99,0.0,5.0,0
2026-03-04,cumin,10.0,300,60,1.43,90,1,10.0,5.0,0
2026-03-05,cumin,10.0,300,60,1.43,90,1,20.0,5.0,0
2026-03-06,cumin,0,300,60,1.43,90,1,30.0,5.0,0
2026-03-07,cumin,0,300,60,1.43,90,2,30.0,5.0,1
2026-03-08,cumin,0,300,60,1.43,90,3,30.0,5.0,1
2026-03-09,cumin,0,300,60,1.43,90,4,30.0,5.0,0
2026-03-10,cumin,0,300,60,1.43,90,5,30.0,5.0,0
2026-03-11,cumin,0,300,60,1.43,90,6,20.0,5.0,0
2026-03-12,cumin,0,300,60,1.43,90,7,10.0,5.0,0
2026-03-13,cumin,0,300,60,1.43,90,8,0.0,5.0,0
2026-03-14,cumin,0,300,60,1.43,90,9,0.0,5.0,1
2026-03-15,cumin,0,300,60,1.43,90,10,0.0,5.0,1
2026-03-16,cumin,0,300,60,1.43,90,11,0.0,5.0,0
2026-03-17,cumin,0,300,60,1.43,90,12,0.0,5.0,0
2026-03-18,cumin,0,300,60,1.43,90,13,0.0,5.0,0
2026-03-19,cumin,0,300,60,1.43,90,14,0.0,5.0,0
2026-03-20,cumin,0,300,60,1.43,90,15,0.0,5.0,0
2026-03-21,cumin,0,300,60,1.43,90,16,0.0,5.0,1
2026-03-22,cumin,0,300,60,1.43,90,17,0.0,5.0,1
2026-03-23,cumin,0,300,60,1.43,90,18,0.0,5.0,0
2026-03-24,cumin,0,300,60,1.43,90,19,0.0,5.0,0
2026-03-25,cumin,0,300,60,1.43,90,20,0.0,5.0,0
2026-03-26,cumin,0,300,60,1.43,90,21,0.0,5.0,0
2026-03-27,cumin,0,300,60,1.43,90,22,0.0,5.0,0
2026-03-28,cumin,0,300,60,1.43,90,23,0.0,5.0,1
2026-03-29,cumin,0,300,60,1.43,90,24,0.0,5.0,1
2026-03-30,cumin,0,300,60,1.43,90,25,0.0,5.0,0
2026-03-31,cumin,0,300,60,1.43,90,26,0.0,5.0,0
2026-04-01,cumin,0,300,60,1.43,90,27,0.0,5.0,0
2026-04-02,cumin,0,300,60,1.43,90,28,0.0,5.0,0
2026-04-03,cumin,20.0,300,60,1.43,90,29,0.0,5.0,0
2026-04-04,cumin,0,300,60,1.43,90,1,20.0,5.0,1
2026-04-05,cumin,10.0,300,60,1.43,90,2,20.0,5.0,1
2026-04-06,cumin,0,300,60,1.43,90,1,30.0,5.0,0
2026-04-07,cumin,0,300,60,1.43,90,2,30.0,5.0,0
2026-04-08,cumin,0,300,60,1.43,90,3,30.0,5.0,0
2026-04-09,cumin,0,300,60,1.43,90,4,30.0,5.0,0
2026-04-10,cumin,0,300,60,1.43,90,5,30.0,5.0,0
2026-04-11,cumin,0,300,60,1.43,90,6,10.0,5.0,1
2026-03-01,black_pepper,0,200,40,1.19,90,99,0.0,5.0,1
2026-03-02,black_pepper,0,200,40,1.19,90,99,0.0,5.0,0
2026-03-03,black_pepper,10.0,200,40,1.19,90,99,0.0,5.0,0
2026-03-04,black_pepper,10.0,200,40,1.19,90,1,10.0,5.0,0
2026-03-05,black_pepper,10.0,200,40,1.19,90,1,20.0,5.0,0
2026-03-06,black_pepper,0,200,40,1.19,90,1,30.0,5.0,0
2026-03-07,black_pepper,0,200,40,1.19,90,2,30.0,5.0,1
2026-03-08,black_pepper,0,200,40,1.19,90,3,30.0,5.0,1
2026-03-09,black_pepper,0,200,40,1.19,90,4,30.0,5.0,0
2026-03-10,black_pepper,0,200,40,1.19,90,5,30.0,5.0,0
2026-03-11,black_pepper,0,200,40,1.19,90,6,20.0,5.0,0
2026-03-12,black_pepper,0,200,40,1.19,90,7,10.0,5.0,0
2026-03-13,black_pepper,0,200,40,1.19,90,8,0.0,5.0,0
2026-03-14,black_pepper,0,200,40,1.19,90,9,0.0,5.0,1
2026-03-15,black_pepper,0,200,40,1.19,90,10,0.0,5.0,1
2026-03-16,black_pepper,0,200,40,1.19,90,11,0.0,5.0,0
2026-03-17,black_pepper,0,200,40,1.19,90,12,0.0,5.0,0
2026-03-18,black_pepper,0,200,40,1.19,90,13,0.0,5.0,0
2026-03-19,black_pepper,0,200,40,1.19,90,14,0.0,5.0,0
2026-03-20,black_pepper,0,200,40,1.19,90,15,0.0,5.0,0
2026-03-21,black_pepper,0,200,40,1.19,90,16,0.0,5.0,1
2026-03-22,black_pepper,0,200,40,1.19,90,17,0.0,5.0,1
2026-03-23,black_pepper,0,200,40,1.19,90,18,0.0,5.0,0
2026-03-24,black_pepper,0,200,40,1.19,90,19,0.0,5.0,0
2026-03-25,black_pepper,0,200,40,1.19,90,20,0.0,5.0,0
2026-03-26,black_pepper,0,200,40,1.19,90,21,0.0,5.0,0
2026-03-27,black_pepper,0,200,40,1.19,90,22,0.0,5.0,0
2026-03-28,black_pepper,0,200,40,1.19,90,23,0.0,5.0,1
2026-03-29,black_pepper,0,200,40,1.19,90,24,0.0,5.0,1
2026-03-30,black_pepper,0,200,40,1.19,90,25,0.0,5.0,0
2026-03-31,black_pepper,0,200,40,1.19,90,26,0.0,5.0,0
2026-04-01,black_pepper,0,200,40,1.19,90,27,0.0,5.0,0
2026-04-02,black_pepper,0,200,40,1.19,90,28,0.0,5.0,0
2026-04-03,black_pepper,20.0,200,40,1.19,90,29,0.0,5.0,0
2026-04-04,black_pepper,0,200,40,1.19,90,1,20.0,5.0,1
2026-04-05,black_pepper,0,200,40,1.19,90,2,20.0,5.0,1
2026-04-06,black_pepper,0,200,40,1.19,90,3,20.0,5.0,0
2026-04-07,black_pepper,0,200,40,1.19,90,4,20.0,5.0,0
2026-04-08,black_pepper,0,200,40,1.19,90,5,20.0,5.0,0
2026-04-09,black_pepper,0,200,40,1.19,90,6,20.0,5.0,0
2026-04-10,black_pepper,0,200,40,1.19,90,7,20.0,5.0,0
2026-04-11,black_pepper,0,200,40,1.19,90,8,0.0,5.0,1
2026-03-01,curd,0,2500,600,40.48,61.8,99,0.0,4.167,1
2026-03-02,curd,0,2500,600,40.48,61.8,99,0.0,4.167,0
2026-03-03,curd,300.0,2500,600,40.48,61.8,99,0.0,4.167,0
2026-03-04,curd,0,2500,600,40.48,61.8,1,300.0,4.167,0
2026-03-05,curd,0,2500,600,40.48,61.8,2,300.0,4.167,0
2026-03-06,curd,0,2500,600,40.48,61.8,3,300.0,4.167,0
2026-03-07,curd,0,2500,600,40.48,61.8,4,300.0,4.167,1
2026-03-08,curd,300.0,2500,600,40.48,61.8,5,300.0,4.167,1
2026-03-09,curd,0,2500,600,40.48,61.8,1,600.0,4.167,0
2026-03-10,curd,300.0,2500,600,40.48,61.8,2,600.0,4.167,0
2026-03-11,curd,0,2500,600,40.48,61.8,1,600.0,4.167,0
2026-03-12,curd,0,2500,600,40.48,61.8,2,600.0,4.167,0
2026-03-13,curd,0,2500,600,40.48,61.8,3,600.0,4.167,0
2026-03-14,curd,0,2500,600,40.48,61.8,4,600.0,4.167,1
2026-03-15,curd,0,2500,600,40.48,61.8,5,600.0,4.167,1
2026-03-16,curd,300.0,2500,600,40.48,61.8,6,300.0,4.167,0
2026-03-17,curd,0,2500,600,40.48,61.8,1,600.0,4.167,0
2026-03-18,curd,0,2500,600,40.48,61.8,2,300.0,4.167,0
2026-03-19,curd,0,2500,600,40.48,61.8,3,300.0,4.167,0
2026-03-20,curd,0,2500,600,40.48,61.8,4,300.0,4.167,0
2026-03-21,curd,0,2500,600,40.48,61.8,5,300.0,4.167,1
2026-03-22,curd,0,2500,600,40.48,61.8,6,300.0,4.167,1
2026-03-23,curd,0,2500,600,40.48,61.8,7,300.0,4.167,0
2026-03-24,curd,0,2500,600,40.48,61.8,8,0.0,4.167,0
2026-03-25,curd,0,2500,600,40.48,61.8,9,0.0,4.167,0
2026-03-26,curd,0,2500,600,40.48,61.8,10,0.0,4.167,0
2026-03-27,curd,0,2500,600,40.48,61.8,11,0.0,4.167,0
2026-03-28,curd,0,2500,600,40.48,61.8,12,0.0,4.167,1
2026-03-29,curd,0,2500,600,40.48,61.8,13,0.0,4.167,1
2026-03-30,curd,0,2500,600,40.48,61.8,14,0.0,4.167,0
2026-03-31,curd,0,2500,600,40.48,61.8,15,0.0,4.167,0
2026-04-01,curd,0,2500,600,40.48,61.8,16,0.0,4.167,0
2026-04-02,curd,0,2500,600,40.48,61.8,17,0.0,4.167,0
2026-04-03,curd,0,2500,600,40.48,61.8,18,0.0,4.167,0
2026-04-04,curd,0,2500,600,40.48,61.8,19,0.0,4.167,1
2026-04-05,curd,0,2500,600,40.48,61.8,20,0.0,4.167,1
2026-04-06,curd,500.0,2500,600,40.48,61.8,21,0.0,4.167,0
2026-04-07,curd,0,2500,600,40.48,61.8,1,500.0,4.167,0
2026-04-08,curd,0,2500,600,40.48,61.8,2,500.0,4.167,0
2026-04-09,curd,0,2500,600,40.48,61.8,3,500.0,4.167,0
2026-04-10,curd,0,2500,600,40.48,61.8,4,500.0,4.167,0
2026-04-11,curd,0,2500,600,40.48,61.8,5,500.0,4.167,1
2026-03-01,lemon,0,600,180,2.86,90,99,0.0,3.333,1
2026-03-02,lemon,0,600,180,2.86,90,99,0.0,3.333,0
2026-03-03,lemon,0,600,180,2.86,90,99,0.0,3.333,0
2026-03-04,lemon,0,600,180,2.86,90,99,0.0,3.333,0
2026-03-05,lemon,120.0,600,180,2.86,90,99,0.0,3.333,0
2026-03-06,lemon,0,600,180,2.86,90,1,120.0,3.333,0
2026-03-07,lemon,0,600,180,2.86,90,2,120.0,3.333,1
2026-03-08,lemon,0,600,180,2.86,90,3,120.0,3.333,1
2026-03-09,lemon,0,600,180,2.86,90,4,120.0,3.333,0
2026-03-10,lemon,0,600,180,2.86,90,5,120.0,3.333,0
2026-03-11,lemon,0,600,180,2.86,90,6,120.0,3.333,0
2026-03-12,lemon,0,600,180,2.86,90,7,120.0,3.333,0
2026-03-13,lemon,0,600,180,2.86,90,8,0.0,3.333,0
2026-03-14,lemon,0,600,180,2.86,90,9,0.0,3.333,1
2026-03-15,lemon,0,600,180,2.86,90,10,0.0,3.333,1
2026-03-16,lemon,0,600,180,2.86,90,11,0.0,3.333,0
2026-03-17,lemon,0,600,180,2.86,90,12,0.0,3.333,0
2026-03-18,lemon,0,600,180,2.86,90,13,0.0,3.333,0
2026-03-19,lemon,0,600,180,2.86,90,14,0.0,3.333,0
2026-03-20,lemon,0,600,180,2.86,90,15,0.0,3.333,0
2026-03-21,lemon,0,600,180,2.86,90,16,0.0,3.333,1
2026-03-22,lemon,0,600,180,2.86,90,17,0.0,3.333,1
2026-03-23,lemon,0,600,180,2.86,90,18,0.0,3.333,0
2026-03-24,lemon,0,600,180,2.86,90,19,0.0,3.333,0
2026-03-25,lemon,0,600,180,2.86,90,20,0.0,3.333,0
2026-03-26,lemon,0,600,180,2.86,90,21,0.0,3.333,0
2026-03-27,lemon,0,600,180,2.86,90,22,0.0,3.333,0
2026-03-28,lemon,0,600,180,2.86,90,23,0.0,3.333,1
2026-03-29,lemon,0,600,180,2.86,90,24,0.0,3.333,1
2026-03-30,lemon,0,600,180,2.86,90,25,0.0,3.333,0
2026-03-31,lemon,0,600,180,2.86,90,26,0.0,3.333,0
2026-04-01,lemon,0,600,180,2.86,90,27,0.0,3.333,0
2026-04-02,lemon,0,600,180,2.86,90,28,0.0,3.333,0
2026-04-03,lemon,0,600,180,2.86,90,29,0.0,3.333,0
2026-04-04,lemon,0,600,180,2.86,90,30,0.0,3.333,1
2026-04-05,lemon,0,600,180,2.86,90,31,0.0,3.333,1
2026-04-06,lemon,0,600,180,2.86,90,32,0.0,3.333,0
2026-04-07,lemon,0,600,180,2.86,90,33,0.0,3.333,0
2026-04-08,lemon,0,600,180,2.86,90,34,0.0,3.333,0
2026-04-09,lemon,0,600,180,2.86,90,35,0.0,3.333,0
2026-04-10,lemon,0,600,180,2.86,90,36,0.0,3.333,0
2026-04-11,lemon,0,600,180,2.86,90,37,0.0,3.333,1
2026-03-01,garlic,0,800,200,1.9,90,99,0.0,4.0,1
2026-03-02,garlic,0,800,200,1.9,90,99,0.0,4.0,0
2026-03-03,garlic,0,800,200,1.9,90,99,0.0,4.0,0
2026-03-04,garlic,0,800,200,1.9,90,99,0.0,4.0,0
2026-03-05,garlic,40.0,800,200,1.9,90,99,0.0,4.0,0
2026-03-06,garlic,0,800,200,1.9,90,1,40.0,4.0,0
2026-03-07,garlic,0,800,200,1.9,90,2,40.0,4.0,1
2026-03-08,garlic,0,800,200,1.9,90,3,40.0,4.0,1
2026-03-09,garlic,0,800,200,1.9,90,4,40.0,4.0,0
2026-03-10,garlic,0,800,200,1.9,90,5,40.0,4.0,0
2026-03-11,garlic,0,800,200,1.9,90,6,40.0,4.0,0
2026-03-12,garlic,0,800,200,1.9,90,7,40.0,4.0,0
2026-03-13,garlic,0,800,200,1.9,90,8,0.0,4.0,0
2026-03-14,garlic,0,800,200,1.9,90,9,0.0,4.0,1
2026-03-15,garlic,0,800,200,1.9,90,10,0.0,4.0,1
2026-03-16,garlic,0,800,200,1.9,90,11,0.0,4.0,0
2026-03-17,garlic,0,800,200,1.9,90,12,0.0,4.0,0
2026-03-18,garlic,0,800,200,1.9,90,13,0.0,4.0,0
2026-03-19,garlic,0,800,200,1.9,90,14,0.0,4.0,0
2026-03-20,garlic,0,800,200,1.9,90,15,0.0,4.0,0
2026-03-21,garlic,0,800,200,1.9,90,16,0.0,4.0,1
2026-03-22,garlic,0,800,200,1.9,90,17,0.0,4.0,1
2026-03-23,garlic,0,800,200,1.9,90,18,0.0,4.0,0
2026-03-24,garlic,0,800,200,1.9,90,19,0.0,4.0,0
2026-03-25,garlic,0,800,200,1.9,90,20,0.0,4.0,0
2026-03-26,garlic,0,800,200,1.9,90,21,0.0,4.0,0
2026-03-27,garlic,0,800,200,1.9,90,22,0.0,4.0,0
2026-03-28,garlic,0,800,200,1.9,90,23,0.0,4.0,1
2026-03-29,garlic,0,800,200,1.9,90,24,0.0,4.0,1
2026-03-30,garlic,0,800,200,1.9,90,25,0.0,4.0,0
2026-03-31,garlic,0,800,200,1.9,90,26,0.0,4.0,0
2026-04-01,garlic,0,800,200,1.9,90,27,0.0,4.0,0
2026-04-02,garlic,0,800,200,1.9,90,28,0.0,4.0,0
2026-04-03,garlic,40.0,800,200,1.9,90,29,0.0,4.0,0
2026-04-04,garlic,0,800,200,1.9,90,1,40.0,4.0,1
2026-04-05,garlic,0,800,200,1.9,90,2,40.0,4.0,1
2026-04-06,garlic,0,800,200,1.9,90,3,40.0,4.0,0
2026-04-07,garlic,0,800,200,1.9,90,4,40.0,4.0,0
2026-04-08,garlic,0,800,200,1.9,90,5,40.0,4.0,0
2026-04-09,garlic,0,800,200,1.9,90,6,40.0,4.0,0
2026-04-10,garlic,0,800,200,1.9,90,7,40.0,4.0,0
2026-04-11,garlic,0,800,200,1.9,90,8,0.0,4.0,1
2026-03-01,coconut,0,2000,500,11.9,90,99,0.0,4.0,1
2026-03-02,coconut,0,2000,500,11.9,90,99,0.0,4.0,0
2026-03-03,coconut,0,2000,500,11.9,90,99,0.0,4.0,0
2026-03-04,coconut,0,2000,500,11.9,90,99,0.0,4.0,0
2026-03-05,coconut,100.0,2000,500,11.9,90,99,0.0,4.0,0
2026-03-06,coconut,0,2000,500,11.9,90,1,100.0,4.0,0
2026-03-07,coconut,0,2000,500,11.9,90,2,100.0,4.0,1
2026-03-08,coconut,0,2000,500,11.9,90,3,100.0,4.0,1
2026-03-09,coconut,0,2000,500,11.9,90,4,100.0,4.0,0
2026-03-10,coconut,0,2000,500,11.9,90,5,100.0,4.0,0
2026-03-11,coconut,0,2000,500,11.9,90,6,100.0,4.0,0
2026-03-12,coconut,0,2000,500,11.9,90,7,100.0,4.0,0
2026-03-13,coconut,0,2000,500,11.9,90,8,0.0,4.0,0
2026-03-14,coconut,0,2000,500,11.9,90,9,0.0,4.0,1
2026-03-15,coconut,0,2000,500,11.9,90,10,0.0,4.0,1
2026-03-16,coconut,0,2000,500,11.9,90,11,0.0,4.0,0
2026-03-17,coconut,0,2000,500,11.9,90,12,0.0,4.0,0
2026-03-18,coconut,0,2000,500,11.9,90,13,0.0,4.0,0
2026-03-19,coconut,0,2000,500,11.9,90,14,0.0,4.0,0
2026-03-20,coconut,200.0,2000,500,11.9,90,15,0.0,4.0,0
2026-03-21,coconut,0,2000,500,11.9,90,1,200.0,4.0,1
2026-03-22,coconut,0,2000,500,11.9,90,2,200.0,4.0,1
2026-03-23,coconut,0,2000,500,11.9,90,3,200.0,4.0,0
2026-03-24,coconut,0,2000,500,11.9,90,4,200.0,4.0,0
2026-03-25,coconut,0,2000,500,11.9,90,5,200.0,4.0,0
2026-03-26,coconut,0,2000,500,11.9,90,6,200.0,4.0,0
2026-03-27,coconut,0,2000,500,11.9,90,7,200.0,4.0,0
2026-03-28,coconut,0,2000,500,11.9,90,8,0.0,4.0,1
2026-03-29,coconut,0,2000,500,11.9,90,9,0.0,4.0,1
2026-03-30,coconut,0,2000,500,11.9,90,10,0.0,4.0,0
2026-03-31,coconut,0,2000,500,11.9,90,11,0.0,4.0,0
2026-04-01,coconut,0,2000,500,11.9,90,12,0.0,4.0,0
2026-04-02,coconut,0,2000,500,11.9,90,13,0.0,4.0,0
2026-04-03,coconut,0,2000,500,11.9,90,14,0.0,4.0,0
2026-04-04,coconut,0,2000,500,11.9,90,15,0.0,4.0,1
2026-04-05,coconut,0,2000,500,11.9,90,16,0.0,4.0,1
2026-04-06,coconut,0,2000,500,11.9,90,17,0.0,4.0,0
2026-04-07,coconut,0,2000,500,11.9,90,18,0.0,4.0,0
2026-04-08,coconut,200.0,2000,500,11.9,90,19,0.0,4.0,0
2026-04-09,coconut,0,2000,500,11.9,90,1,200.0,4.0,0
2026-04-10,coconut,0,2000,500,11.9,90,2,200.0,4.0,0
2026-04-11,coconut,0,2000,500,11.9,90,3,200.0,4.0,1
2026-03-01,potato,0,8000,2000,50.0,90,99,0.0,4.0,1
2026-03-02,potato,0,8000,2000,50.0,90,99,0.0,4.0,0
2026-03-03,potato,0,8000,2000,50.0,90,99,0.0,4.0,0
2026-03-04,potato,0,8000,2000,50.0,90,99,0.0,4.0,0
2026-03-05,potato,0,8000,2000,50.0,90,99,0.0,4.0,0
2026-03-06,potato,300.0,8000,2000,50.0,90,99,0.0,4.0,0
2026-03-07,potato,0,8000,2000,50.0,90,1,300.0,4.0,1
2026-03-08,potato,0,8000,2000,50.0,90,2,300.0,4.0,1
2026-03-09,potato,0,8000,2000,50.0,90,3,300.0,4.0,0
2026-03-10,potato,200.0,8000,2000,50.0,90,4,300.0,4.0,0
2026-03-11,potato,0,8000,2000,50.0,90,1,500.0,4.0,0
2026-03-12,potato,0,8000,2000,50.0,90,2,500.0,4.0,0
2026-03-13,potato,0,8000,2000,50.0,90,3,500.0,4.0,0
2026-03-14,potato,0,8000,2000,50.0,90,4,200.0,4.0,1
2026-03-15,potato,0,8000,2000,50.0,90,5,200.0,4.0,1
2026-03-16,potato,300.0,8000,2000,50.0,90,6,200.0,4.0,0
2026-03-17,potato,400.0,8000,2000,50.0,90,1,500.0,4.0,0
2026-03-18,potato,0,8000,2000,50.0,90,1,700.0,4.0,0
2026-03-19,potato,0,8000,2000,50.0,90,2,700.0,4.0,0
2026-03-20,potato,0,8000,2000,50.0,90,3,700.0,4.0,0
2026-03-21,potato,0,8000,2000,50.0,90,4,700.0,4.0,1
2026-03-22,potato,0,8000,2000,50.0,90,5,700.0,4.0,1
2026-03-23,potato,0,8000,2000,50.0,90,6,700.0,4.0,0
2026-03-24,potato,0,8000,2000,50.0,90,7,400.0,4.0,0
2026-03-25,potato,0,8000,2000,50.0,90,8,0.0,4.0,0
2026-03-26,potato,0,8000,2000,50.0,90,9,0.0,4.0,0
2026-03-27,potato,0,8000,2000,50.0,90,10,0.0,4.0,0
2026-03-28,potato,0,8000,2000,50.0,90,11,0.0,4.0,1
2026-03-29,potato,0,8000,2000,50.0,90,12,0.0,4.0,1
2026-03-30,potato,0,8000,2000,50.0,90,13,0.0,4.0,0
2026-03-31,potato,300.0,8000,2000,50.0,90,14,0.0,4.0,0
2026-04-01,potato,0,8000,2000,50.0,90,1,300.0,4.0,0
2026-04-02,potato,0,8000,2000,50.0,90,2,300.0,4.0,0
2026-04-03,potato,0,8000,2000,50.0,90,3,300.0,4.0,0
2026-04-04,potato,0,8000,2000,50.0,90,4,300.0,4.0,1
2026-04-05,potato,0,8000,2000,50.0,90,5,300.0,4.0,1
2026-04-06,potato,0,8000,2000,50.0,90,6,300.0,4.0,0
2026-04-07,potato,300.0,8000,2000,50.0,90,7,300.0,4.0,0
2026-04-08,potato,0,8000,2000,50.0,90,1,300.0,4.0,0
2026-04-09,potato,300.0,8000,2000,50.0,90,2,300.0,4.0,0
2026-04-10,potato,0,8000,2000,50.0,90,1,600.0,4.0,0
2026-04-11,potato,0,8000,2000,50.0,90,2,600.0,4.0,1
2026-03-01,egg,0,2160,480,57.14,37.8,99,0.0,4.5,1
2026-03-02,egg,0,2160,480,57.14,37.8,99,0.0,4.5,0
2026-03-03,egg,0,2160,480,57.14,37.8,99,0.0,4.5,0
2026-03-04,egg,0,2160,480,57.14,37.8,99,0.0,4.5,0
2026-03-05,egg,0,2160,480,57.14,37.8,99,0.0,4.5,0
2026-03-06,egg,0,2160,480,57.14,37.8,99,0.0,4.5,0
2026-03-07,egg,240.0,2160,480,57.14,37.8,99,0.0,4.5,1
2026-03-08,egg,0,2160,480,57.14,37.8,1,240.0,4.5,1
2026-03-09,egg,0,2160,480,57.14,37.8,2,240.0,4.5,0
2026-03-10,egg,0,2160,480,57.14,37.8,3,240.0,4.5,0
2026-03-11,egg,240.0,2160,480,57.14,37.8,4,240.0,4.5,0
2026-03-12,egg,240.0,2160,480,57.14,37.8,1,480.0,4.5,0
2026-03-13,egg,0,2160,480,57.14,37.8,1,720.0,4.5,0
2026-03-14,egg,0,2160,480,57.14,37.8,2,720.0,4.5,1
2026-03-15,egg,0,2160,480,57.14,37.8,3,480.0,4.5,1
2026-03-16,egg,0,2160,480,57.14,37.8,4,480.0,4.5,0
2026-03-17,egg,0,2160,480,57.14,37.8,5,480.0,4.5,0
2026-03-18,egg,0,2160,480,57.14,37.8,6,480.0,4.5,0
2026-03-19,egg,0,2160,480,57.14,37.8,7,240.0,4.5,0
2026-03-20,egg,0,2160,480,57.14,37.8,8,0.0,4.5,0
2026-03-21,egg,0,2160,480,57.14,37.8,9,0.0,4.5,1
2026-03-22,egg,360.0,2160,480,57.14,37.8,10,0.0,4.5,1
2026-03-23,egg,360.0,2160,480,57.14,37.8,1,360.0,4.5,0
2026-03-24,egg,0,2160,480,57.14,37.8,1,720.0,4.5,0
2026-03-25,egg,0,2160,480,57.14,37.8,2,720.0,4.5,0
2026-03-26,egg,0,2160,480,57.14,37.8,3,720.0,4.5,0
2026-03-27,egg,0,2160,480,57.14,37.8,4,720.0,4.5,0
2026-03-28,egg,0,2160,480,57.14,37.8,5,720.0,4.5,1
2026-03-29,egg,0,2160,480,57.14,37.8,6,720.0,4.5,1
2026-03-30,egg,240.0,2160,480,57.14,37.8,7,360.0,4.5,0
2026-03-31,egg,0,2160,480,57.14,37.8,1,240.0,4.5,0
2026-04-01,egg,0,2160,480,57.14,37.8,2,240.0,4.5,0
2026-04-02,egg,0,2160,480,57.14,37.8,3,240.0,4.5,0
2026-04-03,egg,0,2160,480,57.14,37.8,4,240.0,4.5,0
2026-04-04,egg,0,2160,480,57.14,37.8,5,240.0,4.5,1
2026-04-05,egg,360.0,2160,480,57.14,37.8,6,240.0,4.5,1
2026-04-06,egg,0,2160,480,57.14,37.8,1,600.0,4.5,0
2026-04-07,egg,0,2160,480,57.14,37.8,2,360.0,4.5,0
2026-04-08,egg,0,2160,480,57.14,37.8,3,360.0,4.5,0
2026-04-09,egg,0,2160,480,57.14,37.8,4,360.0,4.5,0
2026-04-10,egg,0,2160,480,57.14,37.8,5,360.0,4.5,0
2026-04-11,egg,360.0,2160,480,57.14,37.8,6,360.0,4.5,1
2026-03-01,basmati_rice,0,30000,8000,47.62,90,99,0.0,3.75,1
2026-03-02,basmati_rice,0,30000,8000,47.62,90,99,0.0,3.75,0
2026-03-03,basmati_rice,0,30000,8000,47.62,90,99,0.0,3.75,0
2026-03-04,basmati_rice,0,30000,8000,47.62,90,99,0.0,3.75,0
2026-03-05,basmati_rice,0,30000,8000,47.62,90,99,0.0,3.75,0
2026-03-06,basmati_rice,0,30000,8000,47.62,90,99,0.0,3.75,0
2026-03-07,basmati_rice,0,30000,8000,47.62,90,99,0.0,3.75,1
2026-03-08,basmati_rice,500.0,30000,8000,47.62,90,99,0.0,3.75,1
2026-03-09,basmati_rice,0,30000,8000,47.62,90,1,500.0,3.75,0
2026-03-10,basmati_rice,500.0,30000,8000,47.62,90,2,500.0,3.75,0
2026-03-11,basmati_rice,0,30000,8000,47.62,90,1,1000.0,3.75,0
2026-03-12,basmati_rice,0,30000,8000,47.62,90,2,1000.0,3.75,0
2026-03-13,basmati_rice,0,30000,8000,47.62,90,3,1000.0,3.75,0
2026-03-14,basmati_rice,0,30000,8000,47.62,90,4,1000.0,3.75,1
2026-03-15,basmati_rice,0,30000,8000,47.62,90,5,1000.0,3.75,1
2026-03-16,basmati_rice,0,30000,8000,47.62,90,6,500.0,3.75,0
2026-03-17,basmati_rice,0,30000,8000,47.62,90,7,500.0,3.75,0
2026-03-18,basmati_rice,0,30000,8000,47.62,90,8,0.0,3.75,0
2026-03-19,basmati_rice,0,30000,8000,47.62,90,9,0.0,3.75,0
2026-03-20,basmati_rice,0,30000,8000,47.62,90,10,0.0,3.75,0
2026-03-21,basmati_rice,0,30000,8000,47.62,90,11,0.0,3.75,1
2026-03-22,basmati_rice,0,30000,8000,47.62,90,12,0.0,3.75,1
2026-03-23,basmati_rice,0,30000,8000,47.62,90,13,0.0,3.75,0
2026-03-24,basmati_rice,0,30000,8000,47.62,90,14,0.0,3.75,0
2026-03-25,basmati_rice,0,30000,8000,47.62,90,15,0.0,3.75,0
2026-03-26,basmati_rice,0,30000,8000,47.62,90,16,0.0,3.75,0
2026-03-27,basmati_rice,0,30000,8000,47.62,90,17,0.0,3.75,0
2026-03-28,basmati_rice,0,30000,8000,47.62,90,18,0.0,3.75,1
2026-03-29,basmati_rice,0,30000,8000,47.62,90,19,0.0,3.75,1
2026-03-30,basmati_rice,0,30000,8000,47.62,90,20,0.0,3.75,0
2026-03-31,basmati_rice,0,30000,8000,47.62,90,21,0.0,3.75,0
2026-04-01,basmati_rice,0,30000,8000,47.62,90,22,0.0,3.75,0
2026-04-02,basmati_rice,0,30000,8000,47.62,90,23,0.0,3.75,0
2026-04-03,basmati_rice,0,30000,8000,47.62,90,24,0.0,3.75,0
2026-04-04,basmati_rice,0,30000,8000,47.62,90,25,0.0,3.75,1
2026-04-05,basmati_rice,0,30000,8000,47.62,90,26,0.0,3.75,1
2026-04-06,basmati_rice,1000.0,30000,8000,47.62,90,27,0.0,3.75,0
2026-04-07,basmati_rice,0,30000,8000,47.62,90,1,1000.0,3.75,0
2026-04-08,basmati_rice,0,30000,8000,47.62,90,2,1000.0,3.75,0
2026-04-09,basmati_rice,0,30000,8000,47.62,90,3,1000.0,3.75,0
2026-04-10,basmati_rice,0,30000,8000,47.62,90,4,1000.0,3.75,0
2026-04-11,basmati_rice,0,30000,8000,47.62,90,5,1000.0,3.75,1
2026-03-01,chicken,0,5000,1000,57.14,87.5,99,0.0,5.0,1
2026-03-02,chicken,0,5000,1000,57.14,87.5,99,0.0,5.0,0
2026-03-03,chicken,0,5000,1000,57.14,87.5,99,0.0,5.0,0
2026-03-04,chicken,0,5000,1000,57.14,87.5,99,0.0,5.0,0
2026-03-05,chicken,0,5000,1000,57.14,87.5,99,0.0,5.0,0
2026-03-06,chicken,0,5000,1000,57.14,87.5,99,0.0,5.0,0
2026-03-07,chicken,0,5000,1000,57.14,87.5,99,0.0,5.0,1
2026-03-08,chicken,800.0,5000,1000,57.14,87.5,99,0.0,5.0,1
2026-03-09,chicken,0,5000,1000,57.14,87.5,1,800.0,5.0,0
2026-03-10,chicken,0,5000,1000,57.14,87.5,2,800.0,5.0,0
2026-03-11,chicken,0,5000,1000,57.14,87.5,3,800.0,5.0,0
2026-03-12,chicken,0,5000,1000,57.14,87.5,4,800.0,5.0,0
2026-03-13,chicken,0,5000,1000,57.14,87.5,5,800.0,5.0,0
2026-03-14,chicken,0,5000,1000,57.14,87.5,6,800.0,5.0,1
2026-03-15,chicken,0,5000,1000,57.14,87.5,7,800.0,5.0,1
2026-03-16,chicken,0,5000,1000,57.14,87.5,8,0.0,5.0,0
2026-03-17,chicken,0,5000,1000,57.14,87.5,9,0.0,5.0,0
2026-03-18,chicken,0,5000,1000,57.14,87.5,10,0.0,5.0,0
2026-03-19,chicken,0,5000,1000,57.14,87.5,11,0.0,5.0,0
2026-03-20,chicken,0,5000,1000,57.14,87.5,12,0.0,5.0,0
2026-03-21,chicken,0,5000,1000,57.14,87.5,13,0.0,5.0,1
2026-03-22,chicken,0,5000,1000,57.14,87.5,14,0.0,5.0,1
2026-03-23,chicken,0,5000,1000,57.14,87.5,15,0.0,5.0,0
2026-03-24,chicken,0,5000,1000,57.14,87.5,16,0.0,5.0,0
2026-03-25,chicken,0,5000,1000,57.14,87.5,17,0.0,5.0,0
2026-03-26,chicken,0,5000,1000,57.14,87.5,18,0.0,5.0,0
2026-03-27,chicken,0,5000,1000,57.14,87.5,19,0.0,5.0,0
2026-03-28,chicken,0,5000,1000,57.14,87.5,20,0.0,5.0,1
2026-03-29,chicken,0,5000,1000,57.14,87.5,21,0.0,5.0,1
2026-03-30,chicken,0,5000,1000,57.14,87.5,22,0.0,5.0,0
2026-03-31,chicken,0,5000,1000,57.14,87.5,23,0.0,5.0,0
2026-04-01,chicken,0,5000,1000,57.14,87.5,24,0.0,5.0,0
2026-04-02,chicken,0,5000,1000,57.14,87.5,25,0.0,5.0,0
2026-04-03,chicken,0,5000,1000,57.14,87.5,26,0.0,5.0,0
2026-04-04,chicken,0,5000,1000,57.14,87.5,27,0.0,5.0,1
2026-04-05,chicken,0,5000,1000,57.14,87.5,28,0.0,5.0,1
2026-04-06,chicken,1600.0,5000,1000,57.14,87.5,29,0.0,5.0,0
2026-04-07,chicken,0,5000,1000,57.14,87.5,1,1600.0,5.0,0
2026-04-08,chicken,0,5000,1000,57.14,87.5,2,1600.0,5.0,0
2026-04-09,chicken,0,5000,1000,57.14,87.5,3,1600.0,5.0,0
2026-04-10,chicken,0,5000,1000,57.14,87.5,4,1600.0,5.0,0
2026-04-11,chicken,0,5000,1000,57.14,87.5,5,1600.0,5.0,1
2026-03-01,garam_masala,0,300,60,0.48,90,99,0.0,5.0,1
2026-03-02,garam_masala,0,300,60,0.48,90,99,0.0,5.0,0
2026-03-03,garam_masala,0,300,60,0.48,90,99,0.0,5.0,0
2026-03-04,garam_masala,0,300,60,0.48,90,99,0.0,5.0,0
2026-03-05,garam_masala,0,300,60,0.48,90,99,0.0,5.0,0
2026-03-06,garam_masala,0,300,60,0.48,90,99,0.0,5.0,0
2026-03-07,garam_masala,0,300,60,0.48,90,99,0.0,5.0,1
2026-03-08,garam_masala,20.0,300,60,0.48,90,99,0.0,5.0,1
2026-03-09,garam_masala,0,300,60,0.48,90,1,20.0,5.0,0
2026-03-10,garam_masala,0,300,60,0.48,90,2,20.0,5.0,0
2026-03-11,garam_masala,0,300,60,0.48,90,3,20.0,5.0,0
2026-03-12,garam_masala,0,300,60,0.48,90,4,20.0,5.0,0
2026-03-13,garam_masala,0,300,60,0.48,90,5,20.0,5.0,0
2026-03-14,garam_masala,0,300,60,0.48,90,6,20.0,5.0,1
2026-03-15,garam_masala,0,300,60,0.48,90,7,20.0,5.0,1
2026-03-16,garam_masala,0,300,60,0.48,90,8,0.0,5.0,0
2026-03-17,garam_masala,0,300,60,0.48,90,9,0.0,5.0,0
2026-03-18,garam_masala,0,300,60,0.48,90,10,0.0,5.0,0
2026-03-19,garam_masala,0,300,60,0.48,90,11,0.0,5.0,0
2026-03-20,garam_masala,0,300,60,0.48,90,12,0.0,5.0,0
2026-03-21,garam_masala,0,300,60,0.48,90,13,0.0,5.0,1
2026-03-22,garam_masala,0,300,60,0.48,90,14,0.0,5.0,1
2026-03-23,garam_masala,0,300,60,0.48,90,15,0.0,5.0,0
2026-03-24,garam_masala,0,300,60,0.48,90,16,0.0,5.0,0
2026-03-25,garam_masala,0,300,60,0.48,90,17,0.0,5.0,0
2026-03-26,garam_masala,0,300,60,0.48,90,18,0.0,5.0,0
2026-03-27,garam_masala,0,300,60,0.48,90,19,0.0,5.0,0
2026-03-28,garam_masala,0,300,60,0.48,90,20,0.0,5.0,1
2026-03-29,garam_masala,0,300,60,0.48,90,21,0.0,5.0,1
2026-03-30,garam_masala,0,300,60,0.48,90,22,0.0,5.0,0
2026-03-31,garam_masala,0,300,60,0.48,90,23,0.0,5.0,0
2026-04-01,garam_masala,0,300,60,0.48,90,24,0.0,5.0,0
2026-04-02,garam_masala,0,300,60,0.48,90,25,0.0,5.0,0
2026-04-03,garam_masala,0,300,60,0.48,90,26,0.0,5.0,0
2026-04-04,garam_masala,0,300,60,0.48,90,27,0.0,5.0,1
2026-04-05,garam_masala,0,300,60,0.48,90,28,0.0,5.0,1
2026-04-06,garam_masala,0,300,60,0.48,90,29,0.0,5.0,0
2026-04-07,garam_masala,0,300,60,0.48,90,30,0.0,5.0,0
2026-04-08,garam_masala,0,300,60,0.48,90,31,0.0,5.0,0
2026-04-09,garam_masala,0,300,60,0.48,90,32,0.0,5.0,0
2026-04-10,garam_masala,0,300,60,0.48,90,33,0.0,5.0,0
2026-04-11,garam_masala,0,300,60,0.48,90,34,0.0,5.0,1
2026-03-01,flour,0,15000,4000,37.62,90,99,0.0,3.75,1
2026-03-02,flour,0,15000,4000,37.62,90,99,0.0,3.75,0
2026-03-03,flour,0,15000,4000,37.62,90,99,0.0,3.75,0
2026-03-04,flour,0,15000,4000,37.62,90,99,0.0,3.75,0
2026-03-05,flour,0,15000,4000,37.62,90,99,0.0,3.75,0
2026-03-06,flour,0,15000,4000,37.62,90,99,0.0,3.75,0
2026-03-07,flour,0,15000,4000,37.62,90,99,0.0,3.75,1
2026-03-08,flour,0,15000,4000,37.62,90,99,0.0,3.75,1
2026-03-09,flour,200.0,15000,4000,37.62,90,99,0.0,3.75,0
2026-03-10,flour,0,15000,4000,37.62,90,1,200.0,3.75,0
2026-03-11,flour,0,15000,4000,37.62,90,2,200.0,3.75,0
2026-03-12,flour,0,15000,4000,37.62,90,3,200.0,3.75,0
2026-03-13,flour,0,15000,4000,37.62,90,4,200.0,3.75,0
2026-03-14,flour,0,15000,4000,37.62,90,5,200.0,3.75,1
2026-03-15,flour,200.0,15000,4000,37.62,90,6,200.0,3.75,1
2026-03-16,flour,240.0,15000,4000,37.62,90,1,400.0,3.75,0
2026-03-17,flour,300.0,15000,4000,37.62,90,1,440.0,3.75,0
2026-03-18,flour,0,15000,4000,37.62,90,1,740.0,3.75,0
2026-03-19,flour,0,15000,4000,37.62,90,2,740.0,3.75,0
2026-03-20,flour,0,15000,4000,37.62,90,3,740.0,3.75,0
2026-03-21,flour,0,15000,4000,37.62,90,4,740.0,3.75,1
2026-03-22,flour,200.0,15000,4000,37.62,90,5,740.0,3.75,1
2026-03-23,flour,0,15000,4000,37.62,90,1,740.0,3.75,0
2026-03-24,flour,0,15000,4000,37.62,90,2,500.0,3.75,0
2026-03-25,flour,0,15000,4000,37.62,90,3,200.0,3.75,0
2026-03-26,flour,0,15000,4000,37.62,90,4,200.0,3.75,0
2026-03-27,flour,0,15000,4000,37.62,90,5,200.0,3.75,0
2026-03-28,flour,0,15000,4000,37.62,90,6,200.0,3.75,1
2026-03-29,flour,0,15000,4000,37.62,90,7,200.0,3.75,1
2026-03-30,flour,0,15000,4000,37.62,90,8,0.0,3.75,0
2026-03-31,flour,0,15000,4000,37.62,90,9,0.0,3.75,0
2026-04-01,flour,0,15000,4000,37.62,90,10,0.0,3.75,0
2026-04-02,flour,0,15000,4000,37.62,90,11,0.0,3.75,0
2026-04-03,flour,0,15000,4000,37.62,90,12,0.0,3.75,0
2026-04-04,flour,200.0,15000,4000,37.62,90,13,0.0,3.75,1
2026-04-05,flour,0,15000,4000,37.62,90,1,200.0,3.75,1
2026-04-06,flour,0,15000,4000,37.62,90,2,200.0,3.75,0
2026-04-07,flour,240.0,15000,4000,37.62,90,3,200.0,3.75,0
2026-04-08,flour,0,15000,4000,37.62,90,1,440.0,3.75,0
2026-04-09,flour,0,15000,4000,37.62,90,2,440.0,3.75,0
2026-04-10,flour,0,15000,4000,37.62,90,3,440.0,3.75,0
2026-04-11,flour,0,15000,4000,37.62,90,4,440.0,3.75,1
2026-03-01,paneer,0,1200,300,9.52,90,99,0.0,4.0,1
2026-03-02,paneer,0,1200,300,9.52,90,99,0.0,4.0,0
2026-03-03,paneer,0,1200,300,9.52,90,99,0.0,4.0,0
2026-03-04,paneer,0,1200,300,9.52,90,99,0.0,4.0,0
2026-03-05,paneer,0,1200,300,9.52,90,99,0.0,4.0,0
2026-03-06,paneer,0,1200,300,9.52,90,99,0.0,4.0,0
2026-03-07,paneer,0,1200,300,9.52,90,99,0.0,4.0,1
2026-03-08,paneer,0,1200,300,9.52,90,99,0.0,4.0,1
2026-03-09,paneer,400.0,1200,300,9.52,90,99,0.0,4.0,0
2026-03-10,paneer,0,1200,300,9.52,90,1,400.0,4.0,0
2026-03-11,paneer,0,1200,300,9.52,90,2,400.0,4.0,0
2026-03-12,paneer,0,1200,300,9.52,90,3,400.0,4.0,0
2026-03-13,paneer,0,1200,300,9.52,90,4,400.0,4.0,0
2026-03-14,paneer,0,1200,300,9.52,90,5,400.0,4.0,1
2026-03-15,paneer,0,1200,300,9.52,90,6,400.0,4.0,1
2026-03-16,paneer,0,1200,300,9.52,90,7,400.0,4.0,0
2026-03-17,paneer,0,1200,300,9.52,90,8,0.0,4.0,0
2026-03-18,paneer,0,1200,300,9.52,90,9,0.0,4.0,0
2026-03-19,paneer,0,1200,300,9.52,90,10,0.0,4.0,0
2026-03-20,paneer,0,1200,300,9.52,90,11,0.0,4.0,0
2026-03-21,paneer,0,1200,300,9.52,90,12,0.0,4.0,1
2026-03-22,paneer,0,1200,300,9.52,90,13,0.0,4.0,1
2026-03-23,paneer,0,1200,300,9.52,90,14,0.0,4.0,0
2026-03-24,paneer,0,1200,300,9.52,90,15,0.0,4.0,0
2026-03-25,paneer,0,1200,300,9.52,90,16,0.0,4.0,0
2026-03-26,paneer,0,1200,300,9.52,90,17,0.0,4.0,0
2026-03-27,paneer,0,1200,300,9.52,90,18,0.0,4.0,0
2026-03-28,paneer,0,1200,300,9.52,90,19,0.0,4.0,1
2026-03-29,paneer,0,1200,300,9.52,90,20,0.0,4.0,1
2026-03-30,paneer,0,1200,300,9.52,90,21,0.0,4.0,0
2026-03-31,paneer,0,1200,300,9.52,90,22,0.0,4.0,0
2026-04-01,paneer,0,1200,300,9.52,90,23,0.0,4.0,0
2026-04-02,paneer,0,1200,300,9.52,90,24,0.0,4.0,0
2026-04-03,paneer,0,1200,300,9.52,90,25,0.0,4.0,0
2026-04-04,paneer,0,1200,300,9.52,90,26,0.0,4.0,1
2026-04-05,paneer,0,1200,300,9.52,90,27,0.0,4.0,1
2026-04-06,paneer,0,1200,300,9.52,90,28,0.0,4.0,0
2026-04-07,paneer,0,1200,300,9.52,90,29,0.0,4.0,0
2026-04-08,paneer,0,1200,300,9.52,90,30,0.0,4.0,0
2026-04-09,paneer,0,1200,300,9.52,90,31,0.0,4.0,0
2026-04-10,paneer,0,1200,300,9.52,90,32,0.0,4.0,0
2026-04-11,paneer,0,1200,300,9.52,90,33,0.0,4.0,1
2026-03-01,butter,0,800,200,4.29,90,99,0.0,4.0,1
2026-03-02,butter,0,800,200,4.29,90,99,0.0,4.0,0
2026-03-03,butter,0,800,200,4.29,90,99,0.0,4.0,0
2026-03-04,butter,0,800,200,4.29,90,99,0.0,4.0,0
2026-03-05,butter,0,800,200,4.29,90,99,0.0,4.0,0
2026-03-06,butter,0,800,200,4.29,90,99,0.0,4.0,0
2026-03-07,butter,0,800,200,4.29,90,99,0.0,4.0,1
2026-03-08,butter,0,800,200,4.29,90,99,0.0,4.0,1
2026-03-09,butter,100.0,800,200,4.29,90,99,0.0,4.0,0
2026-03-10,butter,0,800,200,4.29,90,1,100.0,4.0,0
2026-03-11,butter,0,800,200,4.29,90,2,100.0,4.0,0
2026-03-12,butter,0,800,200,4.29,90,3,100.0,4.0,0
2026-03-13,butter,0,800,200,4.29,90,4,100.0,4.0,0
2026-03-14,butter,0,800,200,4.29,90,5,100.0,4.0,1
2026-03-15,butter,0,800,200,4.29,90,6,100.0,4.0,1
2026-03-16,butter,0,800,200,4.29,90,7,100.0,4.0,0
2026-03-17,butter,0,800,200,4.29,90,8,0.0,4.0,0
2026-03-18,butter,0,800,200,4.29,90,9,0.0,4.0,0
2026-03-19,butter,0,800,200,4.29,90,10,0.0,4.0,0
2026-03-20,butter,0,800,200,4.29,90,11,0.0,4.0,0
2026-03-21,butter,0,800,200,4.29,90,12,0.0,4.0,1
2026-03-22,butter,0,800,200,4.29,90,13,0.0,4.0,1
2026-03-23,butter,0,800,200,4.29,90,14,0.0,4.0,0
2026-03-24,butter,40.0,800,200,4.29,90,15,0.0,4.0,0
2026-03-25,butter,0,800,200,4.29,90,1,40.0,4.0,0
2026-03-26,butter,0,800,200,4.29,90,2,40.0,4.0,0
2026-03-27,butter,0,800,200,4.29,90,3,40.0,4.0,0
2026-03-28,butter,0,800,200,4.29,90,4,40.0,4.0,1
2026-03-29,butter,0,800,200,4.29,90,5,40.0,4.0,1
2026-03-30,butter,0,800,200,4.29,90,6,40.0,4.0,0
2026-03-31,butter,40.0,800,200,4.29,90,7,40.0,4.0,0
2026-04-01,butter,0,800,200,4.29,90,1,40.0,4.0,0
2026-04-02,butter,0,800,200,4.29,90,2,40.0,4.0,0
2026-04-03,butter,0,800,200,4.29,90,3,40.0,4.0,0
2026-04-04,butter,0,800,200,4.29,90,4,40.0,4.0,1
2026-04-05,butter,0,800,200,4.29,90,5,40.0,4.0,1
2026-04-06,butter,0,800,200,4.29,90,6,40.0,4.0,0
2026-04-07,butter,0,800,200,4.29,90,7,40.0,4.0,0
2026-04-08,butter,0,800,200,4.29,90,8,0.0,4.0,0
2026-04-09,butter,0,800,200,4.29,90,9,0.0,4.0,0
2026-04-10,butter,0,800,200,4.29,90,10,0.0,4.0,0
2026-04-11,butter,0,800,200,4.29,90,11,0.0,4.0,1
2026-03-01,soy_sauce,0,300,80,0.95,90,99,0.0,3.75,1
2026-03-02,soy_sauce,0,300,80,0.95,90,99,0.0,3.75,0
2026-03-03,soy_sauce,0,300,80,0.95,90,99,0.0,3.75,0
2026-03-04,soy_sauce,0,300,80,0.95,90,99,0.0,3.75,0
2026-03-05,soy_sauce,0,300,80,0.95,90,99,0.0,3.75,0
2026-03-06,soy_sauce,0,300,80,0.95,90,99,0.0,3.75,0
2026-03-07,soy_sauce,0,300,80,0.95,90,99,0.0,3.75,1
2026-03-08,soy_sauce,0,300,80,0.95,90,99,0.0,3.75,1
2026-03-09,soy_sauce,0,300,80,0.95,90,99,0.0,3.75,0
2026-03-10,soy_sauce,0,300,80,0.95,90,99,0.0,3.75,0
2026-03-11,soy_sauce,20.0,300,80,0.95,90,99,0.0,3.75,0
2026-03-12,soy_sauce,20.0,300,80,0.95,90,1,20.0,3.75,0
2026-03-13,soy_sauce,0,300,80,0.95,90,1,40.0,3.75,0
2026-03-14,soy_sauce,0,300,80,0.95,90,2,40.0,3.75,1
2026-03-15,soy_sauce,0,300,80,0.95,90,3,40.0,3.75,1
2026-03-16,soy_sauce,0,300,80,0.95,90,4,40.0,3.75,0
2026-03-17,soy_sauce,0,300,80,0.95,90,5,40.0,3.75,0
2026-03-18,soy_sauce,0,300,80,0.95,90,6,40.0,3.75,0
2026-03-19,soy_sauce,0,300,80,0.95,90,7,20.0,3.75,0
2026-03-20,soy_sauce,0,300,80,0.95,90,8,0.0,3.75,0
2026-03-21,soy_sauce,0,300,80,0.95,90,9,0.0,3.75,1
2026-03-22,soy_sauce,0,300,80,0.95,90,10,0.0,3.75,1
2026-03-23,soy_sauce,0,300,80,0.95,90,11,0.0,3.75,0
2026-03-24,soy_sauce,0,300,80,0.95,90,12,0.0,3.75,0
2026-03-25,soy_sauce,0,300,80,0.95,90,13,0.0,3.75,0
2026-03-26,soy_sauce,0,300,80,0.95,90,14,0.0,3.75,0
2026-03-27,soy_sauce,0,300,80,0.95,90,15,0.0,3.75,0
2026-03-28,soy_sauce,0,300,80,0.95,90,16,0.0,3.75,1
2026-03-29,soy_sauce,0,300,80,0.95,90,17,0.0,3.75,1
2026-03-30,soy_sauce,0,300,80,0.95,90,18,0.0,3.75,0
2026-03-31,soy_sauce,0,300,80,0.95,90,19,0.0,3.75,0
2026-04-01,soy_sauce,0,300,80,0.95,90,20,0.0,3.75,0
2026-04-02,soy_sauce,0,300,80,0.95,90,21,0.0,3.75,0
2026-04-03,soy_sauce,0,300,80,0.95,90,22,0.0,3.75,0
2026-04-04,soy_sauce,0,300,80,0.95,90,23,0.0,3.75,1
2026-04-05,soy_sauce,0,300,80,0.95,90,24,0.0,3.75,1
2026-04-06,soy_sauce,0,300,80,0.95,90,25,0.0,3.75,0
2026-04-07,soy_sauce,0,300,80,0.95,90,26,0.0,3.75,0
2026-04-08,soy_sauce,0,300,80,0.95,90,27,0.0,3.75,0
2026-04-09,soy_sauce,0,300,80,0.95,90,28,0.0,3.75,0
2026-04-10,soy_sauce,0,300,80,0.95,90,29,0.0,3.75,0
2026-04-11,soy_sauce,0,300,80,0.95,90,30,0.0,3.75,1
2026-03-01,noodles,0,1000,200,19.05,52.5,99,0.0,5.0,1
2026-03-02,noodles,0,1000,200,19.05,52.5,99,0.0,5.0,0
2026-03-03,noodles,0,1000,200,19.05,52.5,99,0.0,5.0,0
2026-03-04,noodles,0,1000,200,19.05,52.5,99,0.0,5.0,0
2026-03-05,noodles,0,1000,200,19.05,52.5,99,0.0,5.0,0
2026-03-06,noodles,0,1000,200,19.05,52.5,99,0.0,5.0,0
2026-03-07,noodles,0,1000,200,19.05,52.5,99,0.0,5.0,1
2026-03-08,noodles,0,1000,200,19.05,52.5,99,0.0,5.0,1
2026-03-09,noodles,0,1000,200,19.05,52.5,99,0.0,5.0,0
2026-03-10,noodles,0,1000,200,19.05,52.5,99,0.0,5.0,0
2026-03-11,noodles,0,1000,200,19.05,52.5,99,0.0,5.0,0
2026-03-12,noodles,0,1000,200,19.05,52.5,99,0.0,5.0,0
2026-03-13,noodles,400.0,1000,200,19.05,52.5,99,0.0,5.0,0
2026-03-14,noodles,400.0,1000,200,19.05,52.5,1,400.0,5.0,1
2026-03-15,noodles,0,1000,200,19.05,52.5,1,800.0,5.0,1
2026-03-16,noodles,0,1000,200,19.05,52.5,2,800.0,5.0,0
2026-03-17,noodles,0,1000,200,19.05,52.5,3,800.0,5.0,0
2026-03-18,noodles,0,1000,200,19.05,52.5,4,800.0,5.0,0
2026-03-19,noodles,0,1000,200,19.05,52.5,5,800.0,5.0,0
2026-03-20,noodles,0,1000,200,19.05,52.5,6,800.0,5.0,0
2026-03-21,noodles,0,1000,200,19.05,52.5,7,400.0,5.0,1
2026-03-22,noodles,0,1000,200,19.05,52.5,8,0.0,5.0,1
2026-03-23,noodles,0,1000,200,19.05,52.5,9,0.0,5.0,0
2026-03-24,noodles,0,1000,200,19.05,52.5,10,0.0,5.0,0
2026-03-25,noodles,0,1000,200,19.05,52.5,11,0.0,5.0,0
2026-03-26,noodles,0,1000,200,19.05,52.5,12,0.0,5.0,0
2026-03-27,noodles,0,1000,200,19.05,52.5,13,0.0,5.0,0
2026-03-28,noodles,0,1000,200,19.05,52.5,14,0.0,5.0,1
2026-03-29,noodles,0,1000,200,19.05,52.5,15,0.0,5.0,1
2026-03-30,noodles,0,1000,200,19.05,52.5,16,0.0,5.0,0
2026-03-31,noodles,0,1000,200,19.05,52.5,17,0.0,5.0,0
2026-04-01,noodles,0,1000,200,19.05,52.5,18,0.0,5.0,0
2026-04-02,noodles,0,1000,200,19.05,52.5,19,0.0,5.0,0
2026-04-03,noodles,0,1000,200,19.05,52.5,20,0.0,5.0,0
2026-04-04,noodles,0,1000,200,19.05,52.5,21,0.0,5.0,1
2026-04-05,noodles,0,1000,200,19.05,52.5,22,0.0,5.0,1
2026-04-06,noodles,0,1000,200,19.05,52.5,23,0.0,5.0,0
2026-04-07,noodles,0,1000,200,19.05,52.5,24,0.0,5.0,0
2026-04-08,noodles,0,1000,200,19.05,52.5,25,0.0,5.0,0
2026-04-09,noodles,0,1000,200,19.05,52.5,26,0.0,5.0,0
2026-04-10,noodles,0,1000,200,19.05,52.5,27,0.0,5.0,0
2026-04-11,noodles,0,1000,200,19.05,52.5,28,0.0,5.0,1
2026-03-01,capsicum,0,2000,500,4.76,90,99,0.0,4.0,1
2026-03-02,capsicum,0,2000,500,4.76,90,99,0.0,4.0,0
2026-03-03,capsicum,0,2000,500,4.76,90,99,0.0,4.0,0
2026-03-04,capsicum,0,2000,500,4.76,90,99,0.0,4.0,0
2026-03-05,capsicum,0,2000,500,4.76,90,99,0.0,4.0,0
2026-03-06,capsicum,0,2000,500,4.76,90,99,0.0,4.0,0
2026-03-07,capsicum,0,2000,500,4.76,90,99,0.0,4.0,1
2026-03-08,capsicum,0,2000,500,4.76,90,99,0.0,4.0,1
2026-03-09,capsicum,0,2000,500,4.76,90,99,0.0,4.0,0
2026-03-10,capsicum,0,2000,500,4.76,90,99,0.0,4.0,0
2026-03-11,capsicum,0,2000,500,4.76,90,99,0.0,4.0,0
2026-03-12,capsicum,0,2000,500,4.76,90,99,0.0,4.0,0
2026-03-13,capsicum,100.0,2000,500,4.76,90,99,0.0,4.0,0
2026-03-14,capsicum,100.0,2000,500,4.76,90,1,100.0,4.0,1
2026-03-15,capsicum,0,2000,500,4.76,90,1,200.0,4.0,1
2026-03-16,capsicum,0,2000,500,4.76,90,2,200.0,4.0,0
2026-03-17,capsicum,0,2000,500,4.76,90,3,200.0,4.0,0
2026-03-18,capsicum,0,2000,500,4.76,90,4,200.0,4.0,0
2026-03-19,capsicum,0,2000,500,4.76,90,5,200.0,4.0,0
2026-03-20,capsicum,0,2000,500,4.76,90,6,200.0,4.0,0
2026-03-21,capsicum,0,2000,500,4.76,90,7,100.0,4.0,1
2026-03-22,capsicum,0,2000,500,4.76,90,8,0.0,4.0,1
2026-03-23,capsicum,0,2000,500,4.76,90,9,0.0,4.0,0
2026-03-24,capsicum,0,2000,500,4.76,90,10,0.0,4.0,0
2026-03-25,capsicum,0,2000,500,4.76,90,11,0.0,4.0,0
2026-03-26,capsicum,0,2000,500,4.76,90,12,0.0,4.0,0
2026-03-27,capsicum,0,2000,500,4.76,90,13,0.0,4.0,0
2026-03-28,capsicum,0,2000,500,4.76,90,14,0.0,4.0,1
2026-03-29,capsicum,0,2000,500,4.76,90,15,0.0,4.0,1
2026-03-30,capsicum,0,2000,500,4.76,90,16,0.0,4.0,0
2026-03-31,capsicum,0,2000,500,4.76,90,17,0.0,4.0,0
2026-04-01,capsicum,0,2000,500,4.76,90,18,0.0,4.0,0
2026-04-02,capsicum,0,2000,500,4.76,90,19,0.0,4.0,0
2026-04-03,capsicum,0,2000,500,4.76,90,20,0.0,4.0,0
2026-04-04,capsicum,0,2000,500,4.76,90,21,0.0,4.0,1
2026-04-05,capsicum,0,2000,500,4.76,90,22,0.0,4.0,1
2026-04-06,capsicum,0,2000,500,4.76,90,23,0.0,4.0,0
2026-04-07,capsicum,0,2000,500,4.76,90,24,0.0,4.0,0
2026-04-08,capsicum,0,2000,500,4.76,90,25,0.0,4.0,0
2026-04-09,capsicum,0,2000,500,4.76,90,26,0.0,4.0,0
2026-04-10,capsicum,0,2000,500,4.76,90,27,0.0,4.0,0
2026-04-11,capsicum,0,2000,500,4.76,90,28,0.0,4.0,1
2026-03-01,peas,0,1500,400,2.38,90,99,0.0,3.75,1
2026-03-02,peas,0,1500,400,2.38,90,99,0.0,3.75,0
2026-03-03,peas,0,1500,400,2.38,90,99,0.0,3.75,0
2026-03-04,peas,0,1500,400,2.38,90,99,0.0,3.75,0
2026-03-05,peas,0,1500,400,2.38,90,99,0.0,3.75,0
2026-03-06,peas,0,1500,400,2.38,90,99,0.0,3.75,0
2026-03-07,peas,0,1500,400,2.38,90,99,0.0,3.75,1
2026-03-08,peas,0,1500,400,2.38,90,99,0.0,3.75,1
2026-03-09,peas,0,1500,400,2.38,90,99,0.0,3.75,0
2026-03-10,peas,0,1500,400,2.38,90,99,0.0,3.75,0
2026-03-11,peas,0,1500,400,2.38,90,99,0.0,3.75,0
2026-03-12,peas,0,1500,400,2.38,90,99,0.0,3.75,0
2026-03-13,peas,0,1500,400,2.38,90,99,0.0,3.75,0
2026-03-14,peas,0,1500,400,2.38,90,99,0.0,3.75,1
2026-03-15,peas,0,1500,400,2.38,90,99,0.0,3.75,1
2026-03-16,peas,0,1500,400,2.38,90,99,0.0,3.75,0
2026-03-17,peas,0,1500,400,2.38,90,99,0.0,3.75,0
2026-03-18,peas,0,1500,400,2.38,90,99,0.0,3.75,0
2026-03-19,peas,0,1500,400,2.38,90,99,0.0,3.75,0
2026-03-20,peas,0,1500,400,2.38,90,99,0.0,3.75,0
2026-03-21,peas,0,1500,400,2.38,90,99,0.0,3.75,1
2026-03-22,peas,0,1500,400,2.38,90,99,0.0,3.75,1
2026-03-23,peas,100.0,1500,400,2.38,90,99,0.0,3.75,0
2026-03-24,peas,0,1500,400,2.38,90,1,100.0,3.75,0
2026-03-25,peas,0,1500,400,2.38,90,2,100.0,3.75,0
2026-03-26,peas,0,1500,400,2.38,90,3,100.0,3.75,0
2026-03-27,peas,0,1500,400,2.38,90,4,100.0,3.75,0
2026-03-28,peas,0,1500,400,2.38,90,5,100.0,3.75,1
2026-03-29,peas,0,1500,400,2.38,90,6,100.0,3.75,1
2026-03-30,peas,0,1500,400,2.38,90,7,100.0,3.75,0
2026-03-31,peas,0,1500,400,2.38,90,8,0.0,3.75,0
2026-04-01,peas,0,1500,400,2.38,90,9,0.0,3.75,0
2026-04-02,peas,0,1500,400,2.38,90,10,0.0,3.75,0
2026-04-03,peas,0,1500,400,2.38,90,11,0.0,3.75,0
2026-04-04,peas,0,1500,400,2.38,90,12,0.0,3.75,1
2026-04-05,peas,0,1500,400,2.38,90,13,0.0,3.75,1
2026-04-06,peas,0,1500,400,2.38,90,14,0.0,3.75,0
2026-04-07,peas,0,1500,400,2.38,90,15,0.0,3.75,0
2026-04-08,peas,0,1500,400,2.38,90,16,0.0,3.75,0
2026-04-09,peas,0,1500,400,2.38,90,17,0.0,3.75,0
2026-04-10,peas,0,1500,400,2.38,90,18,0.0,3.75,0
2026-04-11,peas,0,1500,400,2.38,90,19,0.0,3.75,1
2026-03-01,bread,0,120,30,11.43,10.5,99,0.0,4.0,1
2026-03-02,bread,0,120,30,11.43,10.5,99,0.0,4.0,0
2026-03-03,bread,0,120,30,11.43,10.5,99,0.0,4.0,0
2026-03-04,bread,0,120,30,11.43,10.5,99,0.0,4.0,0
2026-03-05,bread,0,120,30,11.43,10.5,99,0.0,4.0,0
2026-03-06,bread,0,120,30,11.43,10.5,99,0.0,4.0,0
2026-03-07,bread,0,120,30,11.43,10.5,99,0.0,4.0,1
2026-03-08,bread,0,120,30,11.43,10.5,99,0.0,4.0,1
2026-03-09,bread,0,120,30,11.43,10.5,99,0.0,4.0,0
2026-03-10,bread,0,120,30,11.43,10.5,99,0.0,4.0,0
2026-03-11,bread,0,120,30,11.43,10.5,99,0.0,4.0,0
2026-03-12,bread,0,120,30,11.43,10.5,99,0.0,4.0,0
2026-03-13,bread,0,120,30,11.43,10.5,99,0.0,4.0,0
2026-03-14,bread,0,120,30,11.43,10.5,99,0.0,4.0,1
2026-03-15,bread,0,120,30,11.43,10.5,99,0.0,4.0,1
2026-03-16,bread,0,120,30,11.43,10.5,99,0.0,4.0,0
2026-03-17,bread,0,120,30,11.43,10.5,99,0.0,4.0,0
2026-03-18,bread,0,120,30,11.43,10.5,99,0.0,4.0,0
2026-03-19,bread,0,120,30,11.43,10.5,99,0.0,4.0,0
2026-03-20,bread,0,120,30,11.43,10.5,99,0.0,4.0,0
2026-03-21,bread,0,120,30,11.43,10.5,99,0.0,4.0,1
2026-03-22,bread,0,120,30,11.43,10.5,99,0.0,4.0,1
2026-03-23,bread,0,120,30,11.43,10.5,99,0.0,4.0,0
2026-03-24,bread,120.0,120,30,11.43,10.5,99,0.0,4.0,0
2026-03-25,bread,120.0,120,30,11.43,10.5,1,120.0,4.0,0
2026-03-26,bread,0,120,30,11.43,10.5,1,240.0,4.0,0
2026-03-27,bread,0,120,30,11.43,10.5,2,240.0,4.0,0
2026-03-28,bread,0,120,30,11.43,10.5,3,240.0,4.0,1
2026-03-29,bread,0,120,30,11.43,10.5,4,240.0,4.0,1
2026-03-30,bread,240.0,120,30,11.43,10.5,5,240.0,4.0,0
2026-03-31,bread,0,120,30,11.43,10.5,1,480.0,4.0,0
2026-04-01,bread,0,120,30,11.43,10.5,2,360.0,4.0,0
2026-04-02,bread,0,120,30,11.43,10.5,3,240.0,4.0,0
2026-04-03,bread,0,120,30,11.43,10.5,4,240.0,4.0,0
2026-04-04,bread,0,120,30,11.43,10.5,5,240.0,4.0,1
2026-04-05,bread,0,120,30,11.43,10.5,6,240.0,4.0,1
2026-04-06,bread,0,120,30,11.43,10.5,7,240.0,4.0,0
2026-04-07,bread,0,120,30,11.43,10.5,8,0.0,4.0,0
2026-04-08,bread,0,120,30,11.43,10.5,9,0.0,4.0,0
2026-04-09,bread,0,120,30,11.43,10.5,10,0.0,4.0,0
2026-04-10,bread,0,120,30,11.43,10.5,11,0.0,4.0,0
2026-04-11,bread,0,120,30,11.43,10.5,12,0.0,4.0,1
2026-03-01,cheese,0,600,150,3.81,90,99,0.0,4.0,1
2026-03-02,cheese,0,600,150,3.81,90,99,0.0,4.0,0
2026-03-03,cheese,0,600,150,3.81,90,99,0.0,4.0,0
2026-03-04,cheese,0,600,150,3.81,90,99,0.0,4.0,0
2026-03-05,cheese,0,600,150,3.81,90,99,0.0,4.0,0
2026-03-06,cheese,0,600,150,3.81,90,99,0.0,4.0,0
2026-03-07,cheese,0,600,150,3.81,90,99,0.0,4.0,1
2026-03-08,cheese,0,600,150,3.81,90,99,0.0,4.0,1
2026-03-09,cheese,0,600,150,3.81,90,99,0.0,4.0,0
2026-03-10,cheese,0,600,150,3.81,90,99,0.0,4.0,0
2026-03-11,cheese,0,600,150,3.81,90,99,0.0,4.0,0
2026-03-12,cheese,0,600,150,3.81,90,99,0.0,4.0,0
2026-03-13,cheese,0,600,150,3.81,90,99,0.0,4.0,0
2026-03-14,cheese,0,600,150,3.81,90,99,0.0,4.0,1
2026-03-15,cheese,0,600,150,3.81,90,99,0.0,4.0,1
2026-03-16,cheese,0,600,150,3.81,90,99,0.0,4.0,0
2026-03-17,cheese,0,600,150,3.81,90,99,0.0,4.0,0
2026-03-18,cheese,0,600,150,3.81,90,99,0.0,4.0,0
2026-03-19,cheese,0,600,150,3.81,90,99,0.0,4.0,0
2026-03-20,cheese,0,600,150,3.81,90,99,0.0,4.0,0
2026-03-21,cheese,0,600,150,3.81,90,99,0.0,4.0,1
2026-03-22,cheese,0,600,150,3.81,90,99,0.0,4.0,1
2026-03-23,cheese,0,600,150,3.81,90,99,0.0,4.0,0
2026-03-24,cheese,60.0,600,150,3.81,90,99,0.0,4.0,0
2026-03-25,cheese,0,600,150,3.81,90,1,60.0,4.0,0
2026-03-26,cheese,0,600,150,3.81,90,2,60.0,4.0,0
2026-03-27,cheese,0,600,150,3.81,90,3,60.0,4.0,0
2026-03-28,cheese,0,600,150,3.81,90,4,60.0,4.0,1
2026-03-29,cheese,0,600,150,3.81,90,5,60.0,4.0,1
2026-03-30,cheese,0,600,150,3.81,90,6,60.0,4.0,0
2026-03-31,cheese,100.0,600,150,3.81,90,7,60.0,4.0,0
2026-04-01,cheese,0,600,150,3.81,90,1,100.0,4.0,0
2026-04-02,cheese,0,600,150,3.81,90,2,100.0,4.0,0
2026-04-03,cheese,0,600,150,3.81,90,3,100.0,4.0,0
2026-04-04,cheese,0,600,150,3.81,90,4,100.0,4.0,1
2026-04-05,cheese,0,600,150,3.81,90,5,100.0,4.0,1
2026-04-06,cheese,0,600,150,3.81,90,6,100.0,4.0,0
2026-04-07,cheese,0,600,150,3.81,90,7,100.0,4.0,0
2026-04-08,cheese,0,600,150,3.81,90,8,0.0,4.0,0
2026-04-09,cheese,0,600,150,3.81,90,9,0.0,4.0,0
2026-04-10,cheese,0,600,150,3.81,90,10,0.0,4.0,0
2026-04-11,cheese,0,600,150,3.81,90,11,0.0,4.0,1
2026-03-01,cucumber,0,1000,500,7.14,90,99,0.0,2.0,1
2026-03-02,cucumber,0,1000,500,7.14,90,99,0.0,2.0,0
2026-03-03,cucumber,0,1000,500,7.14,90,99,0.0,2.0,0
2026-03-04,cucumber,0,1000,500,7.14,90,99,0.0,2.0,0
2026-03-05,cucumber,0,1000,500,7.14,90,99,0.0,2.0,0
2026-03-06,cucumber,0,1000,500,7.14,90,99,0.0,2.0,0
2026-03-07,cucumber,0,1000,500,7.14,90,99,0.0,2.0,1
2026-03-08,cucumber,0,1000,500,7.14,90,99,0.0,2.0,1
2026-03-09,cucumber,0,1000,500,7.14,90,99,0.0,2.0,0
2026-03-10,cucumber,0,1000,500,7.14,90,99,0.0,2.0,0
2026-03-11,cucumber,0,1000,500,7.14,90,99,0.0,2.0,0
2026-03-12,cucumber,0,1000,500,7.14,90,99,0.0,2.0,0
2026-03-13,cucumber,0,1000,500,7.14,90,99,0.0,2.0,0
2026-03-14,cucumber,0,1000,500,7.14,90,99,0.0,2.0,1
2026-03-15,cucumber,0,1000,500,7.14,90,99,0.0,2.0,1
2026-03-16,cucumber,0,1000,500,7.14,90,99,0.0,2.0,0
2026-03-17,cucumber,0,1000,500,7.14,90,99,0.0,2.0,0
2026-03-18,cucumber,0,1000,500,7.14,90,99,0.0,2.0,0
2026-03-19,cucumber,0,1000,500,7.14,90,99,0.0,2.0,0
2026-03-20,cucumber,0,1000,500,7.14,90,99,0.0,2.0,0
2026-03-21,cucumber,0,1000,500,7.14,90,99,0.0,2.0,1
2026-03-22,cucumber,0,1000,500,7.14,90,99,0.0,2.0,1
2026-03-23,cucumber,0,1000,500,7.14,90,99,0.0,2.0,0
2026-03-24,cucumber,0,1000,500,7.14,90,99,0.0,2.0,0
2026-03-25,cucumber,100.0,1000,500,7.14,90,99,0.0,2.0,0
2026-03-26,cucumber,200.0,1000,500,7.14,90,1,100.0,2.0,0
2026-03-27,cucumber,0,1000,500,7.14,90,1,300.0,2.0,0
2026-03-28,cucumber,0,1000,500,7.14,90,2,300.0,2.0,1
2026-03-29,cucumber,0,1000,500,7.14,90,3,300.0,2.0,1
2026-03-30,cucumber,0,1000,500,7.14,90,4,300.0,2.0,0
2026-03-31,cucumber,0,1000,500,7.14,90,5,300.0,2.0,0
2026-04-01,cucumber,0,1000,500,7.14,90,6,300.0,2.0,0
2026-04-02,cucumber,0,1000,500,7.14,90,7,200.0,2.0,0
2026-04-03,cucumber,0,1000,500,7.14,90,8,0.0,2.0,0
2026-04-04,cucumber,0,1000,500,7.14,90,9,0.0,2.0,1
2026-04-05,cucumber,0,1000,500,7.14,90,10,0.0,2.0,1
2026-04-06,cucumber,0,1000,500,7.14,90,11,0.0,2.0,0
2026-04-07,cucumber,0,1000,500,7.14,90,12,0.0,2.0,0
2026-04-08,cucumber,0,1000,500,7.14,90,13,0.0,2.0,0
2026-04-09,cucumber,0,1000,500,7.14,90,14,0.0,2.0,0
2026-04-10,cucumber,0,1000,500,7.14,90,15,0.0,2.0,0
2026-04-11,cucumber,0,1000,500,7.14,90,16,0.0,2.0,1
2026-03-01,lettuce,0,500,300,4.76,90,99,0.0,1.667,1
2026-03-02,lettuce,0,500,300,4.76,90,99,0.0,1.667,0
2026-03-03,lettuce,0,500,300,4.76,90,99,0.0,1.667,0
2026-03-04,lettuce,0,500,300,4.76,90,99,0.0,1.667,0
2026-03-05,lettuce,0,500,300,4.76,90,99,0.0,1.667,0
2026-03-06,lettuce,0,500,300,4.76,90,99,0.0,1.667,0
2026-03-07,lettuce,0,500,300,4.76,90,99,0.0,1.667,1
2026-03-08,lettuce,0,500,300,4.76,90,99,0.0,1.667,1
2026-03-09,lettuce,0,500,300,4.76,90,99,0.0,1.667,0
2026-03-10,lettuce,0,500,300,4.76,90,99,0.0,1.667,0
2026-03-11,lettuce,0,500,300,4.76,90,99,0.0,1.667,0
2026-03-12,lettuce,0,500,300,4.76,90,99,0.0,1.667,0
2026-03-13,lettuce,0,500,300,4.76,90,99,0.0,1.667,0
2026-03-14,lettuce,0,500,300,4.76,90,99,0.0,1.667,1
2026-03-15,lettuce,0,500,300,4.76,90,99,0.0,1.667,1
2026-03-16,lettuce,0,500,300,4.76,90,99,0.0,1.667,0
2026-03-17,lettuce,0,500,300,4.76,90,99,0.0,1.667,0
2026-03-18,lettuce,0,500,300,4.76,90,99,0.0,1.667,0
2026-03-19,lettuce,0,500,300,4.76,90,99,0.0,1.667,0
2026-03-20,lettuce,0,500,300,4.76,90,99,0.0,1.667,0
2026-03-21,lettuce,0,500,300,4.76,90,99,0.0,1.667,1
2026-03-22,lettuce,0,500,300,4.76,90,99,0.0,1.667,1
2026-03-23,lettuce,0,500,300,4.76,90,99,0.0,1.667,0
2026-03-24,lettuce,0,500,300,4.76,90,99,0.0,1.667,0
2026-03-25,lettuce,0,500,300,4.76,90,99,0.0,1.667,0
2026-03-26,lettuce,200.0,500,300,4.76,90,99,0.0,1.667,0
2026-03-27,lettuce,0,500,300,4.76,90,1,200.0,1.667,0
2026-03-28,lettuce,0,500,300,4.76,90,2,200.0,1.667,1
2026-03-29,lettuce,0,500,300,4.76,90,3,200.0,1.667,1
2026-03-30,lettuce,0,500,300,4.76,90,4,200.0,1.667,0
2026-03-31,lettuce,0,500,300,4.76,90,5,200.0,1.667,0
2026-04-01,lettuce,0,500,300,4.76,90,6,200.0,1.667,0
2026-04-02,lettuce,0,500,300,4.76,90,7,200.0,1.667,0
2026-04-03,lettuce,0,500,300,4.76,90,8,0.0,1.667,0
2026-04-04,lettuce,0,500,300,4.76,90,9,0.0,1.667,1
2026-04-05,lettuce,0,500,300,4.76,90,10,0.0,1.667,1
2026-04-06,lettuce,0,500,300,4.76,90,11,0.0,1.667,0
2026-04-07,lettuce,0,500,300,4.76,90,12,0.0,1.667,0
2026-04-08,lettuce,0,500,300,4.76,90,13,0.0,1.667,0
2026-04-09,lettuce,0,500,300,4.76,90,14,0.0,1.667,0
2026-04-10,lettuce,0,500,300,4.76,90,15,0.0,1.667,0
2026-04-11,lettuce,0,500,300,4.76,90,16,0.0,1.667,1
2026-03-01,apple,0,1800,360,8.57,90,99,0.0,5.0,1
2026-03-02,apple,0,1800,360,8.57,90,99,0.0,5.0,0
2026-03-03,apple,0,1800,360,8.57,90,99,0.0,5.0,0
2026-03-04,apple,0,1800,360,8.57,90,99,0.0,5.0,0
2026-03-05,apple,0,1800,360,8.57,90,99,0.0,5.0,0
2026-03-06,apple,0,1800,360,8.57,90,99,0.0,5.0,0
2026-03-07,apple,0,1800,360,8.57,90,99,0.0,5.0,1
2026-03-08,apple,0,1800,360,8.57,90,99,0.0,5.0,1
2026-03-09,apple,0,1800,360,8.57,90,99,0.0,5.0,0
2026-03-10,apple,0,1800,360,8.57,90,99,0.0,5.0,0
2026-03-11,apple,0,1800,360,8.57,90,99,0.0,5.0,0
2026-03-12,apple,0,1800,360,8.57,90,99,0.0,5.0,0
2026-03-13,apple,0,1800,360,8.57,90,99,0.0,5.0,0
2026-03-14,apple,0,1800,360,8.57,90,99,0.0,5.0,1
2026-03-15,apple,0,1800,360,8.57,90,99,0.0,5.0,1
2026-03-16,apple,0,1800,360,8.57,90,99,0.0,5.0,0
2026-03-17,apple,0,1800,360,8.57,90,99,0.0,5.0,0
2026-03-18,apple,0,1800,360,8.57,90,99,0.0,5.0,0
2026-03-19,apple,0,1800,360,8.57,90,99,0.0,5.0,0
2026-03-20,apple,0,1800,360,8.57,90,99,0.0,5.0,0
2026-03-21,apple,0,1800,360,8.57,90,99,0.0,5.0,1
2026-03-22,apple,0,1800,360,8.57,90,99,0.0,5.0,1
2026-03-23,apple,0,1800,360,8.57,90,99,0.0,5.0,0
2026-03-24,apple,0,1800,360,8.57,90,99,0.0,5.0,0
2026-03-25,apple,0,1800,360,8.57,90,99,0.0,5.0,0
2026-03-26,apple,0,1800,360,8.57,90,99,0.0,5.0,0
2026-03-27,apple,360.0,1800,360,8.57,90,99,0.0,5.0,0
2026-03-28,apple,0,1800,360,8.57,90,1,360.0,5.0,1
2026-03-29,apple,0,1800,360,8.57,90,2,360.0,5.0,1
2026-03-30,apple,0,1800,360,8.57,90,3,360.0,5.0,0
2026-03-31,apple,0,1800,360,8.57,90,4,360.0,5.0,0
2026-04-01,apple,0,1800,360,8.57,90,5,360.0,5.0,0
2026-04-02,apple,0,1800,360,8.57,90,6,360.0,5.0,0
2026-04-03,apple,0,1800,360,8.57,90,7,360.0,5.0,0
2026-04-04,apple,0,1800,360,8.57,90,8,0.0,5.0,1
2026-04-05,apple,0,1800,360,8.57,90,9,0.0,5.0,1
2026-04-06,apple,0,1800,360,8.57,90,10,0.0,5.0,0
2026-04-07,apple,0,1800,360,8.57,90,11,0.0,5.0,0
2026-04-08,apple,0,1800,360,8.57,90,12,0.0,5.0,0
2026-04-09,apple,0,1800,360,8.57,90,13,0.0,5.0,0
2026-04-10,apple,0,1800,360,8.57,90,14,0.0,5.0,0
2026-04-11,apple,0,1800,360,8.57,90,15,0.0,5.0,1
2026-03-01,banana,0,1440,360,17.14,84.0,99,0.0,4.0,1
2026-03-02,banana,0,1440,360,17.14,84.0,99,0.0,4.0,0
2026-03-03,banana,0,1440,360,17.14,84.0,99,0.0,4.0,0
2026-03-04,banana,0,1440,360,17.14,84.0,99,0.0,4.0,0
2026-03-05,banana,0,1440,360,17.14,84.0,99,0.0,4.0,0
2026-03-06,banana,0,1440,360,17.14,84.0,99,0.0,4.0,0
2026-03-07,banana,0,1440,360,17.14,84.0,99,0.0,4.0,1
2026-03-08,banana,0,1440,360,17.14,84.0,99,0.0,4.0,1
2026-03-09,banana,0,1440,360,17.14,84.0,99,0.0,4.0,0
2026-03-10,banana,0,1440,360,17.14,84.0,99,0.0,4.0,0
2026-03-11,banana,0,1440,360,17.14,84.0,99,0.0,4.0,0
2026-03-12,banana,0,1440,360,17.14,84.0,99,0.0,4.0,0
2026-03-13,banana,0,1440,360,17.14,84.0,99,0.0,4.0,0
2026-03-14,banana,0,1440,360,17.14,84.0,99,0.0,4.0,1
2026-03-15,banana,0,1440,360,17.14,84.0,99,0.0,4.0,1
2026-03-16,banana,0,1440,360,17.14,84.0,99,0.0,4.0,0
2026-03-17,banana,0,1440,360,17.14,84.0,99,0.0,4.0,0
2026-03-18,banana,0,1440,360,17.14,84.0,99,0.0,4.0,0
2026-03-19,banana,0,1440,360,17.14,84.0,99,0.0,4.0,0
2026-03-20,banana,0,1440,360,17.14,84.0,99,0.0,4.0,0
2026-03-21,banana,0,1440,360,17.14,84.0,99,0.0,4.0,1
2026-03-22,banana,0,1440,360,17.14,84.0,99,0.0,4.0,1
2026-03-23,banana,0,1440,360,17.14,84.0,99,0.0,4.0,0
2026-03-24,banana,0,1440,360,17.14,84.0,99,0.0,4.0,0
2026-03-25,banana,0,1440,360,17.14,84.0,99,0.0,4.0,0
2026-03-26,banana,0,1440,360,17.14,84.0,99,0.0,4.0,0
2026-03-27,banana,240.0,1440,360,17.14,84.0,99,0.0,4.0,0
2026-03-28,banana,480.0,1440,360,17.14,84.0,1,240.0,4.0,1
2026-03-29,banana,0,1440,360,17.14,84.0,1,720.0,4.0,1
2026-03-30,banana,0,1440,360,17.14,84.0,2,720.0,4.0,0
2026-03-31,banana,0,1440,360,17.14,84.0,3,720.0,4.0,0
2026-04-01,banana,0,1440,360,17.14,84.0,4,720.0,4.0,0
2026-04-02,banana,0,1440,360,17.14,84.0,5,720.0,4.0,0
2026-04-03,banana,0,1440,360,17.14,84.0,6,720.0,4.0,0
2026-04-04,banana,0,1440,360,17.14,84.0,7,480.0,4.0,1
2026-04-05,banana,0,1440,360,17.14,84.0,8,0.0,4.0,1
2026-04-06,banana,0,1440,360,17.14,84.0,9,0.0,4.0,0
2026-04-07,banana,0,1440,360,17.14,84.0,10,0.0,4.0,0
2026-04-08,banana,0,1440,360,17.14,84.0,11,0.0,4.0,0
2026-04-09,banana,0,1440,360,17.14,84.0,12,0.0,4.0,0
2026-04-10,banana,0,1440,360,17.14,84.0,13,0.0,4.0,0
2026-04-11,banana,0,1440,360,17.14,84.0,14,0.0,4.0,1
2026-03-01,orange,0,1200,300,7.14,90,99,0.0,4.0,1
2026-03-02,orange,0,1200,300,7.14,90,99,0.0,4.0,0
2026-03-03,orange,0,1200,300,7.14,90,99,0.0,4.0,0
2026-03-04,orange,0,1200,300,7.14,90,99,0.0,4.0,0
2026-03-05,orange,0,1200,300,7.14,90,99,0.0,4.0,0
2026-03-06,orange,0,1200,300,7.14,90,99,0.0,4.0,0
2026-03-07,orange,0,1200,300,7.14,90,99,0.0,4.0,1
2026-03-08,orange,0,1200,300,7.14,90,99,0.0,4.0,1
2026-03-09,orange,0,1200,300,7.14,90,99,0.0,4.0,0
2026-03-10,orange,0,1200,300,7.14,90,99,0.0,4.0,0
2026-03-11,orange,0,1200,300,7.14,90,99,0.0,4.0,0
2026-03-12,orange,0,1200,300,7.14,90,99,0.0,4.0,0
2026-03-13,orange,0,1200,300,7.14,90,99,0.0,4.0,0
2026-03-14,orange,0,1200,300,7.14,90,99,0.0,4.0,1
2026-03-15,orange,0,1200,300,7.14,90,99,0.0,4.0,1
2026-03-16,orange,0,1200,300,7.14,90,99,0.0,4.0,0
2026-03-17,orange,0,1200,300,7.14,90,99,0.0,4.0,0
2026-03-18,orange,0,1200,300,7.14,90,99,0.0,4.0,0
2026-03-19,orange,0,1200,300,7.14,90,99,0.0,4.0,0
2026-03-20,orange,0,1200,300,7.14,90,99,0.0,4.0,0
2026-03-21,orange,0,1200,300,7.14,90,99,0.0,4.0,1
2026-03-22,orange,0,1200,300,7.14,90,99,0.0,4.0,1
2026-03-23,orange,0,1200,300,7.14,90,99,0.0,4.0,0
2026-03-24,orange,0,1200,300,7.14,90,99,0.0,4.0,0
2026-03-25,orange,0,1200,300,7.14,90,99,0.0,4.0,0
2026-03-26,orange,0,1200,300,7.14,90,99,0.0,4.0,0
2026-03-27,orange,300.0,1200,300,7.14,90,99,0.0,4.0,0
2026-03-28,orange,0,1200,300,7.14,90,1,300.0,4.0,1
2026-03-29,orange,0,1200,300,7.14,90,2,300.0,4.0,1
2026-03-30,orange,0,1200,300,7.14,90,3,300.0,4.0,0
2026-03-31,orange,0,1200,300,7.14,90,4,300.0,4.0,0
2026-04-01,orange,0,1200,300,7.14,90,5,300.0,4.0,0
2026-04-02,orange,0,1200,300,7.14,90,6,300.0,4.0,0
2026-04-03,orange,0,1200,300,7.14,90,7,300.0,4.0,0
2026-04-04,orange,0,1200,300,7.14,90,8,0.0,4.0,1
2026-04-05,orange,0,1200,300,7.14,90,9,0.0,4.0,1
2026-04-06,orange,0,1200,300,7.14,90,10,0.0,4.0,0
2026-04-07,orange,0,1200,300,7.14,90,11,0.0,4.0,0
2026-04-08,orange,0,1200,300,7.14,90,12,0.0,4.0,0
2026-04-09,orange,0,1200,300,7.14,90,13,0.0,4.0,0
2026-04-10,orange,0,1200,300,7.14,90,14,0.0,4.0,0
2026-04-11,orange,0,1200,300,7.14,90,15,0.0,4.0,1
2026-03-01,milk,0,4000,800,47.62,84.0,99,0.0,5.0,1
2026-03-02,milk,0,4000,800,47.62,84.0,99,0.0,5.0,0
2026-03-03,milk,0,4000,800,47.62,84.0,99,0.0,5.0,0
2026-03-04,milk,0,4000,800,47.62,84.0,99,0.0,5.0,0
2026-03-05,milk,0,4000,800,47.62,84.0,99,0.0,5.0,0
2026-03-06,milk,0,4000,800,47.62,84.0,99,0.0,5.0,0
2026-03-07,milk,0,4000,800,47.62,84.0,99,0.0,5.0,1
2026-03-08,milk,0,4000,800,47.62,84.0,99,0.0,5.0,1
2026-03-09,milk,0,4000,800,47.62,84.0,99,0.0,5.0,0
2026-03-10,milk,0,4000,800,47.62,84.0,99,0.0,5.0,0
2026-03-11,milk,0,4000,800,47.62,84.0,99,0.0,5.0,0
2026-03-12,milk,0,4000,800,47.62,84.0,99,0.0,5.0,0
2026-03-13,milk,0,4000,800,47.62,84.0,99,0.0,5.0,0
2026-03-14,milk,0,4000,800,47.62,84.0,99,0.0,5.0,1
2026-03-15,milk,0,4000,800,47.62,84.0,99,0.0,5.0,1
2026-03-16,milk,0,4000,800,47.62,84.0,99,0.0,5.0,0
2026-03-17,milk,0,4000,800,47.62,84.0,99,0.0,5.0,0
2026-03-18,milk,0,4000,800,47.62,84.0,99,0.0,5.0,0
2026-03-19,milk,0,4000,800,47.62,84.0,99,0.0,5.0,0
2026-03-20,milk,0,4000,800,47.62,84.0,99,0.0,5.0,0
2026-03-21,milk,0,4000,800,47.62,84.0,99,0.0,5.0,1
2026-03-22,milk,0,4000,800,47.62,84.0,99,0.0,5.0,1
2026-03-23,milk,0,4000,800,47.62,84.0,99,0.0,5.0,0
2026-03-24,milk,0,4000,800,47.62,84.0,99,0.0,5.0,0
2026-03-25,milk,0,4000,800,47.62,84.0,99,0.0,5.0,0
2026-03-26,milk,0,4000,800,47.62,84.0,99,0.0,5.0,0
2026-03-27,milk,0,4000,800,47.62,84.0,99,0.0,5.0,0
2026-03-28,milk,1200.0,4000,800,47.62,84.0,99,0.0,5.0,1
2026-03-29,milk,400.0,4000,800,47.62,84.0,1,1200.0,5.0,1
2026-03-30,milk,0,4000,800,47.62,84.0,1,1600.0,5.0,0
2026-03-31,milk,0,4000,800,47.62,84.0,2,1600.0,5.0,0
2026-04-01,milk,0,4000,800,47.62,84.0,3,1600.0,5.0,0
2026-04-02,milk,0,4000,800,47.62,84.0,4,1600.0,5.0,0
2026-04-03,milk,0,4000,800,47.62,84.0,5,1600.0,5.0,0
2026-04-04,milk,0,4000,800,47.62,84.0,6,1600.0,5.0,1
2026-04-05,milk,0,4000,800,47.62,84.0,7,400.0,5.0,1
2026-04-06,milk,0,4000,800,47.62,84.0,8,0.0,5.0,0
2026-04-07,milk,200.0,4000,800,47.62,84.0,9,0.0,5.0,0
2026-04-08,milk,0,4000,800,47.62,84.0,1,200.0,5.0,0
2026-04-09,milk,0,4000,800,47.62,84.0,2,200.0,5.0,0
2026-04-10,milk,0,4000,800,47.62,84.0,3,200.0,5.0,0
2026-04-11,milk,200.0,4000,800,47.62,84.0,4,200.0,5.0,1
2026-03-01,mango,0,1200,400,9.52,90,99,0.0,3.0,1
2026-03-02,mango,0,1200,400,9.52,90,99,0.0,3.0,0
2026-03-03,mango,0,1200,400,9.52,90,99,0.0,3.0,0
2026-03-04,mango,0,1200,400,9.52,90,99,0.0,3.0,0
2026-03-05,mango,0,1200,400,9.52,90,99,0.0,3.0,0
2026-03-06,mango,0,1200,400,9.52,90,99,0.0,3.0,0
2026-03-07,mango,0,1200,400,9.52,90,99,0.0,3.0,1
2026-03-08,mango,0,1200,400,9.52,90,99,0.0,3.0,1
2026-03-09,mango,0,1200,400,9.52,90,99,0.0,3.0,0
2026-03-10,mango,0,1200,400,9.52,90,99,0.0,3.0,0
2026-03-11,mango,0,1200,400,9.52,90,99,0.0,3.0,0
2026-03-12,mango,0,1200,400,9.52,90,99,0.0,3.0,0
2026-03-13,mango,0,1200,400,9.52,90,99,0.0,3.0,0
2026-03-14,mango,0,1200,400,9.52,90,99,0.0,3.0,1
2026-03-15,mango,0,1200,400,9.52,90,99,0.0,3.0,1
2026-03-16,mango,0,1200,400,9.52,90,99,0.0,3.0,0
2026-03-17,mango,0,1200,400,9.52,90,99,0.0,3.0,0
2026-03-18,mango,0,1200,400,9.52,90,99,0.0,3.0,0
2026-03-19,mango,0,1200,400,9.52,90,99,0.0,3.0,0
2026-03-20,mango,0,1200,400,9.52,90,99,0.0,3.0,0
2026-03-21,mango,0,1200,400,9.52,90,99,0.0,3.0,1
2026-03-22,mango,0,1200,400,9.52,90,99,0.0,3.0,1
2026-03-23,mango,0,1200,400,9.52,90,99,0.0,3.0,0
2026-03-24,mango,0,1200,400,9.52,90,99,0.0,3.0,0
2026-03-25,mango,0,1200,400,9.52,90,99,0.0,3.0,0
2026-03-26,mango,0,1200,400,9.52,90,99,0.0,3.0,0
2026-03-27,mango,0,1200,400,9.52,90,99,0.0,3.0,0
2026-03-28,mango,400.0,1200,400,9.52,90,99,0.0,3.0,1
2026-03-29,mango,0,1200,400,9.52,90,1,400.0,3.0,1
2026-03-30,mango,0,1200,400,9.52,90,2,400.0,3.0,0
2026-03-31,mango,0,1200,400,9.52,90,3,400.0,3.0,0
2026-04-01,mango,0,1200,400,9.52,90,4,400.0,3.0,0
2026-04-02,mango,0,1200,400,9.52,90,5,400.0,3.0,0
2026-04-03,mango,0,1200,400,9.52,90,6,400.0,3.0,0
2026-04-04,mango,0,1200,400,9.52,90,7,400.0,3.0,1
2026-04-05,mango,0,1200,400,9.52,90,8,0.0,3.0,1
2026-04-06,mango,0,1200,400,9.52,90,9,0.0,3.0,0
2026-04-07,mango,0,1200,400,9.52,90,10,0.0,3.0,0
2026-04-08,mango,0,1200,400,9.52,90,11,0.0,3.0,0
2026-04-09,mango,0,1200,400,9.52,90,12,0.0,3.0,0
2026-04-10,mango,0,1200,400,9.52,90,13,0.0,3.0,0
2026-04-11,mango,0,1200,400,9.52,90,14,0.0,3.0,1
2026-03-01,sugar,0,4000,800,2.86,90,99,0.0,5.0,1
2026-03-02,sugar,0,4000,800,2.86,90,99,0.0,5.0,0
2026-03-03,sugar,0,4000,800,2.86,90,99,0.0,5.0,0
2026-03-04,sugar,0,4000,800,2.86,90,99,0.0,5.0,0
2026-03-05,sugar,0,4000,800,2.86,90,99,0.0,5.0,0
2026-03-06,sugar,0,4000,800,2.86,90,99,0.0,5.0,0
2026-03-07,sugar,0,4000,800,2.86,90,99,0.0,5.0,1
2026-03-08,sugar,0,4000,800,2.86,90,99,0.0,5.0,1
2026-03-09,sugar,0,4000,800,2.86,90,99,0.0,5.0,0
2026-03-10,sugar,0,4000,800,2.86,90,99,0.0,5.0,0
2026-03-11,sugar,0,4000,800,2.86,90,99,0.0,5.0,0
2026-03-12,sugar,0,4000,800,2.86,90,99,0.0,5.0,0
2026-03-13,sugar,0,4000,800,2.86,90,99,0.0,5.0,0
2026-03-14,sugar,0,4000,800,2.86,90,99,0.0,5.0,1
2026-03-15,sugar,0,4000,800,2.86,90,99,0.0,5.0,1
2026-03-16,sugar,0,4000,800,2.86,90,99,0.0,5.0,0
2026-03-17,sugar,0,4000,800,2.86,90,99,0.0,5.0,0
2026-03-18,sugar,0,4000,800,2.86,90,99,0.0,5.0,0
2026-03-19,sugar,0,4000,800,2.86,90,99,0.0,5.0,0
2026-03-20,sugar,0,4000,800,2.86,90,99,0.0,5.0,0
2026-03-21,sugar,0,4000,800,2.86,90,99,0.0,5.0,1
2026-03-22,sugar,0,4000,800,2.86,90,99,0.0,5.0,1
2026-03-23,sugar,0,4000,800,2.86,90,99,0.0,5.0,0
2026-03-24,sugar,0,4000,800,2.86,90,99,0.0,5.0,0
2026-03-25,sugar,0,4000,800,2.86,90,99,0.0,5.0,0
2026-03-26,sugar,0,4000,800,2.86,90,99,0.0,5.0,0
2026-03-27,sugar,0,4000,800,2.86,90,99,0.0,5.0,0
2026-03-28,sugar,40.0,4000,800,2.86,90,99,0.0,5.0,1
2026-03-29,sugar,40.0,4000,800,2.86,90,1,40.0,5.0,1
2026-03-30,sugar,0,4000,800,2.86,90,1,80.0,5.0,0
2026-03-31,sugar,0,4000,800,2.86,90,2,80.0,5.0,0
2026-04-01,sugar,0,4000,800,2.86,90,3,80.0,5.0,0
2026-04-02,sugar,0,4000,800,2.86,90,4,80.0,5.0,0
2026-04-03,sugar,0,4000,800,2.86,90,5,80.0,5.0,0
2026-04-04,sugar,0,4000,800,2.86,90,6,80.0,5.0,1
2026-04-05,sugar,0,4000,800,2.86,90,7,40.0,5.0,1
2026-04-06,sugar,0,4000,800,2.86,90,8,0.0,5.0,0
2026-04-07,sugar,20.0,4000,800,2.86,90,9,0.0,5.0,0
2026-04-08,sugar,0,4000,800,2.86,90,1,20.0,5.0,0
2026-04-09,sugar,0,4000,800,2.86,90,2,20.0,5.0,0
2026-04-10,sugar,0,4000,800,2.86,90,3,20.0,5.0,0
2026-04-11,sugar,20.0,4000,800,2.86,90,4,20.0,5.0,1
2026-03-01,jam,0,400,100,0.95,90,99,0.0,4.0,1
2026-03-02,jam,0,400,100,0.95,90,99,0.0,4.0,0
2026-03-03,jam,0,400,100,0.95,90,99,0.0,4.0,0
2026-03-04,jam,0,400,100,0.95,90,99,0.0,4.0,0
2026-03-05,jam,0,400,100,0.95,90,99,0.0,4.0,0
2026-03-06,jam,0,400,100,0.95,90,99,0.0,4.0,0
2026-03-07,jam,0,400,100,0.95,90,99,0.0,4.0,1
2026-03-08,jam,0,400,100,0.95,90,99,0.0,4.0,1
2026-03-09,jam,0,400,100,0.95,90,99,0.0,4.0,0
2026-03-10,jam,0,400,100,0.95,90,99,0.0,4.0,0
2026-03-11,jam,0,400,100,0.95,90,99,0.0,4.0,0
2026-03-12,jam,0,400,100,0.95,90,99,0.0,4.0,0
2026-03-13,jam,0,400,100,0.95,90,99,0.0,4.0,0
2026-03-14,jam,0,400,100,0.95,90,99,0.0,4.0,1
2026-03-15,jam,0,400,100,0.95,90,99,0.0,4.0,1
2026-03-16,jam,0,400,100,0.95,90,99,0.0,4.0,0
2026-03-17,jam,0,400,100,0.95,90,99,0.0,4.0,0
2026-03-18,jam,0,400,100,0.95,90,99,0.0,4.0,0
2026-03-19,jam,0,400,100,0.95,90,99,0.0,4.0,0
2026-03-20,jam,0,400,100,0.95,90,99,0.0,4.0,0
2026-03-21,jam,0,400,100,0.95,90,99,0.0,4.0,1
2026-03-22,jam,0,400,100,0.95,90,99,0.0,4.0,1
2026-03-23,jam,0,400,100,0.95,90,99,0.0,4.0,0
2026-03-24,jam,0,400,100,0.95,90,99,0.0,4.0,0
2026-03-25,jam,0,400,100,0.95,90,99,0.0,4.0,0
2026-03-26,jam,0,400,100,0.95,90,99,0.0,4.0,0
2026-03-27,jam,0,400,100,0.95,90,99,0.0,4.0,0
2026-03-28,jam,0,400,100,0.95,90,99,0.0,4.0,1
2026-03-29,jam,0,400,100,0.95,90,99,0.0,4.0,1
2026-03-30,jam,40.0,400,100,0.95,90,99,0.0,4.0,0
2026-03-31,jam,0,400,100,0.95,90,1,40.0,4.0,0
2026-04-01,jam,0,400,100,0.95,90,2,40.0,4.0,0
2026-04-02,jam,0,400,100,0.95,90,3,40.0,4.0,0
2026-04-03,jam,0,400,100,0.95,90,4,40.0,4.0,0
2026-04-04,jam,0,400,100,0.95,90,5,40.0,4.0,1
2026-04-05,jam,0,400,100,0.95,90,6,40.0,4.0,1
2026-04-06,jam,0,400,100,0.95,90,7,40.0,4.0,0
2026-04-07,jam,0,400,100,0.95,90,8,0.0,4.0,0
2026-04-08,jam,0,400,100,0.95,90,9,0.0,4.0,0
2026-04-09,jam,0,400,100,0.95,90,10,0.0,4.0,0
2026-04-10,jam,0,400,100,0.95,90,11,0.0,4.0,0
2026-04-11,jam,0,400,100,0.95,90,12,0.0,4.0,1
2026-03-01,pasta,0,1000,200,9.52,90,99,0.0,5.0,1
2026-03-02,pasta,0,1000,200,9.52,90,99,0.0,5.0,0
2026-03-03,pasta,0,1000,200,9.52,90,99,0.0,5.0,0
2026-03-04,pasta,0,1000,200,9.52,90,99,0.0,5.0,0
2026-03-05,pasta,0,1000,200,9.52,90,99,0.0,5.0,0
2026-03-06,pasta,0,1000,200,9.52,90,99,0.0,5.0,0
2026-03-07,pasta,0,1000,200,9.52,90,99,0.0,5.0,1
2026-03-08,pasta,0,1000,200,9.52,90,99,0.0,5.0,1
2026-03-09,pasta,0,1000,200,9.52,90,99,0.0,5.0,0
2026-03-10,pasta,0,1000,200,9.52,90,99,0.0,5.0,0
2026-03-11,pasta,0,1000,200,9.52,90,99,0.0,5.0,0
2026-03-12,pasta,0,1000,200,9.52,90,99,0.0,5.0,0
2026-03-13,pasta,0,1000,200,9.52,90,99,0.0,5.0,0
2026-03-14,pasta,0,1000,200,9.52,90,99,0.0,5.0,1
2026-03-15,pasta,0,1000,200,9.52,90,99,0.0,5.0,1
2026-03-16,pasta,0,1000,200,9.52,90,99,0.0,5.0,0
2026-03-17,pasta,0,1000,200,9.52,90,99,0.0,5.0,0
2026-03-18,pasta,0,1000,200,9.52,90,99,0.0,5.0,0
2026-03-19,pasta,0,1000,200,9.52,90,99,0.0,5.0,0
2026-03-20,pasta,0,1000,200,9.52,90,99,0.0,5.0,0
2026-03-21,pasta,0,1000,200,9.52,90,99,0.0,5.0,1
2026-03-22,pasta,0,1000,200,9.52,90,99,0.0,5.0,1
2026-03-23,pasta,0,1000,200,9.52,90,99,0.0,5.0,0
2026-03-24,pasta,0,1000,200,9.52,90,99,0.0,5.0,0
2026-03-25,pasta,0,1000,200,9.52,90,99,0.0,5.0,0
2026-03-26,pasta,0,1000,200,9.52,90,99,0.0,5.0,0
2026-03-27,pasta,0,1000,200,9.52,90,99,0.0,5.0,0
2026-03-28,pasta,0,1000,200,9.52,90,99,0.0,5.0,1
2026-03-29,pasta,0,1000,200,9.52,90,99,0.0,5.0,1
2026-03-30,pasta,0,1000,200,9.52,90,99,0.0,5.0,0
2026-03-31,pasta,400.0,1000,200,9.52,90,99,0.0,5.0,0
2026-04-01,pasta,0,1000,200,9.52,90,1,400.0,5.0,0
2026-04-02,pasta,0,1000,200,9.52,90,2,400.0,5.0,0
2026-04-03,pasta,0,1000,200,9.52,90,3,400.0,5.0,0
2026-04-04,pasta,0,1000,200,9.52,90,4,400.0,5.0,1
2026-04-05,pasta,0,1000,200,9.52,90,5,400.0,5.0,1
2026-04-06,pasta,0,1000,200,9.52,90,6,400.0,5.0,0
2026-04-07,pasta,0,1000,200,9.52,90,7,400.0,5.0,0
2026-04-08,pasta,0,1000,200,9.52,90,8,0.0,5.0,0
2026-04-09,pasta,0,1000,200,9.52,90,9,0.0,5.0,0
2026-04-10,pasta,0,1000,200,9.52,90,10,0.0,5.0,0
2026-04-11,pasta,0,1000,200,9.52,90,11,0.0,5.0,1
